Server;Tagname;Value;Timestamp;Questionable;Annotated;Substituted
pi.vkg.ee;GGS5.GG3.TDT3;77.1964;01.03.2019 00:54:28;False;Not Annotated;False
pi.vkg.ee;GGS5.GG3.TDT3;76.8865;01.03.2019 01:25:28;False;Not Annotated;False
pi.vkg.ee;GGS5.GG3.TDT3;76.7423;01.03.2019 02:00:09;False;Not Annotated;False
pi.vkg.ee;GGS5.GG3.TDT3;77.2721;01.03.2019 02:22:13;False;Not Annotated;False
pi.vkg.ee;GGS5.GG3.TDT3;78.7604;01.03.2019 02:32:08;False;Not Annotated;False
pi.vkg.ee;GGS5.GG3.TDT3;77.8631;01.03.2019 03:19:23;False;Not Annotated;False
pi.vkg.ee;GGS5.GG3.TDT3;77.182;01.03.2019 04:05:28;False;Not Annotated;False
pi.vkg.ee;GGS5.GG3.TDT3;78.4793;01.03.2019 04:18:48;False;Not Annotated;False
pi.vkg.ee;GGS5.GG3.TDT3;77.6072;01.03.2019 05:00:48;False;Not Annotated;False
pi.vkg.ee;GGS5.GG3.TDT3;77.6577;01.03.2019 05:51:28;False;Not Annotated;False
pi.vkg.ee;GGS5.GG3.TDT3;78.5225;01.03.2019 06:04:28;False;Not Annotated;False
pi.vkg.ee;GGS5.GG3.TDT3;76.9586;01.03.2019 06:29:58;False;Not Annotated;False
pi.vkg.ee;GGS5.GG3.TDT3;77.0703;01.03.2019 06:54:13;False;Not Annotated;False
pi.vkg.ee;GGS5.GG3.TDT3;77.1928;01.03.2019 09:20:38;False;Not Annotated;False
pi.vkg.ee;GGS5.GG3.TDT3;78.0216;01.03.2019 10:57:03;False;Not Annotated;False
pi.vkg.ee;GGS5.GG3.TDT3;77.0667;01.03.2019 11:40:03;False;Not Annotated;False
pi.vkg.ee;GGS5.GG3.TDT3;76.4865;01.03.2019 12:15:28;False;Not Annotated;False
pi.vkg.ee;GGS5.GG3.TDT3;77.1027;01.03.2019 13:04:48;False;Not Annotated;False
pi.vkg.ee;GGS5.GG3.TDT3;78.1477;01.03.2019 13:52:28;False;Not Annotated;False
pi.vkg.ee;GGS5.GG3.TDT3;77.4811;01.03.2019 14:25:38;False;Not Annotated;False
pi.vkg.ee;GGS5.GG3.TDT3;76.6414;01.03.2019 15:43:13;False;Not Annotated;False
pi.vkg.ee;GGS5.GG3.TDT3;77.5712;01.03.2019 16:43:03;False;Not Annotated;False
pi.vkg.ee;GGS5.GG3.TDT3;76.9297;01.03.2019 17:15:58;False;Not Annotated;False
pi.vkg.ee;GGS5.GG3.TDT3;78.6667;01.03.2019 17:45:48;False;Not Annotated;False
pi.vkg.ee;GGS5.GG3.TDT3;75.182;01.03.2019 17:58:08;False;Not Annotated;False
pi.vkg.ee;GGS5.GG3.TDT3;78.2739;01.03.2019 18:42:18;False;Not Annotated;False
pi.vkg.ee;GGS5.GG3.TDT3;76.3784;01.03.2019 19:06:03;False;Not Annotated;False
pi.vkg.ee;GGS5.GG3.TDT3;78.8468;01.03.2019 19:18:33;False;Not Annotated;False
pi.vkg.ee;GGS5.GG3.TDT3;77.6072;01.03.2019 20:09:58;False;Not Annotated;False
pi.vkg.ee;GGS5.GG3.TDT3;77.1604;01.03.2019 20:53:58;False;Not Annotated;False
pi.vkg.ee;GGS5.GG3.TDT3;77.8486;02.03.2019 03:27:43;False;Not Annotated;False
pi.vkg.ee;GGS5.GG3.TDT3;77.5568;02.03.2019 03:46:33;False;Not Annotated;False
pi.vkg.ee;GGS5.GG3.TDT3;76.9766;02.03.2019 04:27:38;False;Not Annotated;False
pi.vkg.ee;GGS5.GG3.TDT3;77.3802;02.03.2019 04:54:03;False;Not Annotated;False
pi.vkg.ee;GGS5.GG3.TDT3;76.4973;02.03.2019 06:06:08;False;Not Annotated;False
pi.vkg.ee;GGS5.GG3.TDT3;77.4306;02.03.2019 07:01:53;False;Not Annotated;False
pi.vkg.ee;GGS5.GG3.TDT3;77.6144;02.03.2019 07:32:33;False;Not Annotated;False
pi.vkg.ee;GGS5.GG3.TDT3;78.191;02.03.2019 08:42:58;False;Not Annotated;False
pi.vkg.ee;GGS5.GG3.TDT3;76.2414;02.03.2019 09:31:03;False;Not Annotated;False
pi.vkg.ee;GGS5.GG3.TDT3;79.8486;02.03.2019 09:42:08;False;Not Annotated;False
pi.vkg.ee;GGS5.GG3.TDT3;75.9532;02.03.2019 10:18:53;False;Not Annotated;False
pi.vkg.ee;GGS5.GG3.TDT3;78.818;02.03.2019 10:49:28;False;Not Annotated;False
pi.vkg.ee;GGS5.GG3.TDT3;75.4847;02.03.2019 11:11:08;False;Not Annotated;False
pi.vkg.ee;GGS5.GG3.TDT3;78.191;02.03.2019 11:35:43;False;Not Annotated;False
pi.vkg.ee;GGS5.GG3.TDT3;77.5784;02.03.2019 13:45:58;False;Not Annotated;False
pi.vkg.ee;GGS5.GG3.TDT3;77.8306;02.03.2019 14:36:58;False;Not Annotated;False
pi.vkg.ee;GGS5.GG3.TDT3;78.4937;02.03.2019 14:45:53;False;Not Annotated;False
pi.vkg.ee;GGS5.GG3.TDT3;77.9532;02.03.2019 15:27:23;False;Not Annotated;False
pi.vkg.ee;GGS5.GG3.TDT3;77.8126;02.03.2019 16:59:23;False;Not Annotated;False
pi.vkg.ee;GGS5.GG3.TDT3;76.7423;02.03.2019 17:25:33;False;Not Annotated;False
pi.vkg.ee;GGS5.GG3.TDT3;78.5478;02.03.2019 18:12:43;False;Not Annotated;False
pi.vkg.ee;GGS5.GG3.TDT3;75.6973;02.03.2019 18:48:13;False;Not Annotated;False
pi.vkg.ee;GGS5.GG3.TDT3;78.5946;02.03.2019 19:17:33;False;Not Annotated;False
pi.vkg.ee;GGS5.GG3.TDT3;76.8505;02.03.2019 19:47:38;False;Not Annotated;False
pi.vkg.ee;GGS5.GG3.TDT3;77.6108;02.03.2019 20:18:03;False;Not Annotated;False
pi.vkg.ee;GGS5.GG3.TDT3;77.6252;02.03.2019 20:51:08;False;Not Annotated;False
pi.vkg.ee;GGS5.GG3.TDT3;76.3459;02.03.2019 21:23:03;False;Not Annotated;False
pi.vkg.ee;GGS5.GG3.TDT3;78.018;02.03.2019 21:42:53;False;Not Annotated;False
pi.vkg.ee;GGS5.GG3.TDT3;77.9568;02.03.2019 22:35:58;False;Not Annotated;False
pi.vkg.ee;GGS5.GG3.TDT3;77.6685;02.03.2019 23:52:08;False;Not Annotated;False
pi.vkg.ee;GGS5.GG3.TDT3;76.6667;03.03.2019 00:13:18;False;Not Annotated;False
pi.vkg.ee;GGS5.GG3.TDT3;79.1784;03.03.2019 00:47:28;False;Not Annotated;False
pi.vkg.ee;GGS5.GG3.TDT3;77.7514;03.03.2019 01:44:53;False;Not Annotated;False
pi.vkg.ee;GGS5.GG3.TDT3;78.8577;03.03.2019 01:55:58;False;Not Annotated;False
pi.vkg.ee;GGS5.GG3.TDT3;76.7135;03.03.2019 02:37:48;False;Not Annotated;False
pi.vkg.ee;GGS5.GG3.TDT3;78.3964;03.03.2019 02:54:28;False;Not Annotated;False
pi.vkg.ee;GGS5.GG3.TDT3;76.4613;03.03.2019 05:12:48;False;Not Annotated;False
pi.vkg.ee;GGS5.GG3.TDT3;79.9712;03.03.2019 05:17:18;False;Not Annotated;False
pi.vkg.ee;GGS5.GG3.TDT3;76.6955;03.03.2019 05:58:28;False;Not Annotated;False
pi.vkg.ee;GGS5.GG3.TDT3;77.0162;03.03.2019 06:42:33;False;Not Annotated;False
pi.vkg.ee;GGS5.GG3.TDT3;78.7099;03.03.2019 07:17:38;False;Not Annotated;False
pi.vkg.ee;GGS5.GG3.TDT3;76.8216;03.03.2019 07:53:03;False;Not Annotated;False
pi.vkg.ee;GGS5.GG3.TDT3;76.9946;03.03.2019 08:47:03;False;Not Annotated;False
pi.vkg.ee;GGS5.GG3.TDT3;78.0432;03.03.2019 09:35:53;False;Not Annotated;False
pi.vkg.ee;GGS5.GG3.TDT3;77.8919;03.03.2019 09:50:18;False;Not Annotated;False
pi.vkg.ee;GGS5.GG3.TDT3;77.5604;03.03.2019 10:31:23;False;Not Annotated;False
pi.vkg.ee;GGS5.GG3.TDT3;76.5153;03.03.2019 10:55:43;False;Not Annotated;False
pi.vkg.ee;GGS5.GG3.TDT3;77.4162;03.03.2019 12:04:03;False;Not Annotated;False
pi.vkg.ee;GGS5.GG3.TDT3;77.3946;03.03.2019 12:35:13;False;Not Annotated;False
pi.vkg.ee;GGS5.GG3.TDT3;76.5045;03.03.2019 13:00:58;False;Not Annotated;False
pi.vkg.ee;GGS5.GG3.TDT3;78.1189;03.03.2019 13:37:18;False;Not Annotated;False
pi.vkg.ee;GGS5.GG3.TDT3;77.3622;03.03.2019 14:19:18;False;Not Annotated;False
pi.vkg.ee;GGS5.GG3.TDT3;78.8288;03.03.2019 14:29:18;False;Not Annotated;False
pi.vkg.ee;GGS5.GG3.TDT3;75.5027;03.03.2019 14:59:08;False;Not Annotated;False
pi.vkg.ee;GGS5.GG3.TDT3;77.4775;03.03.2019 15:37:53;False;Not Annotated;False
pi.vkg.ee;GGS5.GG3.TDT3;76.8865;03.03.2019 16:02:54;False;Not Annotated;False
pi.vkg.ee;GGS5.GG3.TDT3;78.3784;03.03.2019 16:24:13;False;Not Annotated;False
pi.vkg.ee;GGS5.GG3.TDT3;77.427;03.03.2019 17:03:28;False;Not Annotated;False
pi.vkg.ee;GGS5.GG3.TDT3;78.5478;03.03.2019 17:20:33;False;Not Annotated;False
pi.vkg.ee;GGS5.GG3.TDT3;76.4324;03.03.2019 17:46:58;False;Not Annotated;False
pi.vkg.ee;GGS5.GG3.TDT3;78.7387;03.03.2019 18:10:48;False;Not Annotated;False
pi.vkg.ee;GGS5.GG3.TDT3;76.7964;03.03.2019 18:40:43;False;Not Annotated;False
pi.vkg.ee;GGS5.GG3.TDT3;76.9477;03.03.2019 19:10:28;False;Not Annotated;False
pi.vkg.ee;GGS5.GG3.TDT3;77.3333;03.03.2019 19:33:43;False;Not Annotated;False
pi.vkg.ee;GGS5.GG3.TDT3;77.7766;03.03.2019 20:41:13;False;Not Annotated;False
pi.vkg.ee;GGS5.GG3.TDT3;77.773;04.03.2019 02:02:53;False;Not Annotated;False
pi.vkg.ee;GGS5.GG3.TDT3;77.8811;04.03.2019 03:00:33;False;Not Annotated;False
pi.vkg.ee;GGS5.GG3.TDT3;78.7099;04.03.2019 04:09:38;False;Not Annotated;False
pi.vkg.ee;GGS5.GG3.TDT3;77.6937;04.03.2019 05:06:53;False;Not Annotated;False
pi.vkg.ee;GGS5.GG3.TDT3;76.4973;04.03.2019 05:34:33;False;Not Annotated;False
pi.vkg.ee;GGS5.GG3.TDT3;76.9225;04.03.2019 06:24:13;False;Not Annotated;False
pi.vkg.ee;GGS5.GG3.TDT3;77.4631;04.03.2019 07:15:23;False;Not Annotated;False
pi.vkg.ee;GGS5.GG3.TDT3;78.4432;04.03.2019 07:57:18;False;Not Annotated;False
pi.vkg.ee;GGS5.GG3.TDT3;75.5315;04.03.2019 08:22:58;False;Not Annotated;False
pi.vkg.ee;GGS5.GG3.TDT3;78.5297;04.03.2019 08:56:13;False;Not Annotated;False
pi.vkg.ee;GGS5.GG3.TDT3;76.0901;04.03.2019 09:26:23;False;Not Annotated;False
pi.vkg.ee;GGS5.GG3.TDT3;79.6937;04.03.2019 09:34:03;False;Not Annotated;False
pi.vkg.ee;GGS5.GG3.TDT3;75.0378;04.03.2019 10:02:58;False;Not Annotated;False
pi.vkg.ee;GGS5.GG3.TDT3;79.9351;04.03.2019 10:20:13;False;Not Annotated;False
pi.vkg.ee;GGS5.GG3.TDT3;74.5513;04.03.2019 10:33:38;False;Not Annotated;False
pi.vkg.ee;GGS5.GG3.TDT3;77.8198;04.03.2019 11:23:33;False;Not Annotated;False
pi.vkg.ee;GGS5.GG3.TDT3;76.8541;04.03.2019 12:08:48;False;Not Annotated;False
pi.vkg.ee;GGS5.GG3.TDT3;78.3099;04.03.2019 12:36:23;False;Not Annotated;False
pi.vkg.ee;GGS5.GG3.TDT3;75.9712;04.03.2019 12:56:23;False;Not Annotated;False
pi.vkg.ee;GGS5.GG3.TDT3;76.7099;04.03.2019 13:39:53;False;Not Annotated;False
pi.vkg.ee;GGS5.GG3.TDT3;79.1351;04.03.2019 14:13:33;False;Not Annotated;False
pi.vkg.ee;GGS5.GG3.TDT3;77.1748;04.03.2019 15:05:33;False;Not Annotated;False
pi.vkg.ee;GGS5.GG3.TDT3;78.7135;04.03.2019 15:17:53;False;Not Annotated;False
pi.vkg.ee;GGS5.GG3.TDT3;77.845;04.03.2019 16:28:13;False;Not Annotated;False
pi.vkg.ee;GGS5.GG3.TDT3;77.4306;04.03.2019 17:32:18;False;Not Annotated;False
pi.vkg.ee;GGS5.GG3.TDT3;76.4865;04.03.2019 19:20:28;False;Not Annotated;False
pi.vkg.ee;GGS5.GG3.TDT3;76.3604;04.03.2019 23:05:43;False;Not Annotated;False
pi.vkg.ee;GGS5.GG3.TDT3;78.1081;04.03.2019 23:34:28;False;Not Annotated;False
pi.vkg.ee;GGS5.GG3.TDT3;76.6739;05.03.2019 00:23:08;False;Not Annotated;False
pi.vkg.ee;GGS5.GG3.TDT3;77.6324;05.03.2019 00:47:28;False;Not Annotated;False
pi.vkg.ee;GGS5.GG3.TDT3;77.4306;05.03.2019 01:14:23;False;Not Annotated;False
pi.vkg.ee;GGS5.GG3.TDT3;78.4613;05.03.2019 01:23:18;False;Not Annotated;False
pi.vkg.ee;GGS5.GG3.TDT3;77.9315;05.03.2019 02:29:53;False;Not Annotated;False
pi.vkg.ee;GGS5.GG3.TDT3;77.445;05.03.2019 02:45:28;False;Not Annotated;False
pi.vkg.ee;GGS5.GG3.TDT3;76.8144;05.03.2019 03:58:23;False;Not Annotated;False
pi.vkg.ee;GGS5.GG3.TDT3;78.6378;05.03.2019 04:22:58;False;Not Annotated;False
pi.vkg.ee;GGS5.GG3.TDT3;76.8324;05.03.2019 04:56:03;False;Not Annotated;False
pi.vkg.ee;GGS5.GG3.TDT3;76.5333;05.03.2019 05:28:18;False;Not Annotated;False
pi.vkg.ee;GGS5.GG3.TDT3;76.6162;05.03.2019 07:09:33;False;Not Annotated;False
pi.vkg.ee;GGS5.GG3.TDT3;77.9712;05.03.2019 07:49:23;False;Not Annotated;False
pi.vkg.ee;GGS5.GG3.TDT3;76.4901;05.03.2019 08:13:58;False;Not Annotated;False
pi.vkg.ee;GGS5.GG3.TDT3;78.0757;05.03.2019 08:38:18;False;Not Annotated;False
pi.vkg.ee;GGS5.GG3.TDT3;78.2234;05.03.2019 11:31:58;False;Not Annotated;False
pi.vkg.ee;GGS5.GG3.TDT3;77.8378;05.03.2019 12:25:53;False;Not Annotated;False
pi.vkg.ee;GGS5.GG3.TDT3;78;05.03.2019 13:39:48;False;Not Annotated;False
pi.vkg.ee;GGS5.GG3.TDT3;77.5207;05.03.2019 14:32:08;False;Not Annotated;False
pi.vkg.ee;GGS5.GG3.TDT3;77.2613;05.03.2019 15:35:58;False;Not Annotated;False
pi.vkg.ee;GGS5.GG3.TDT3;78;05.03.2019 17:53:28;False;Not Annotated;False
pi.vkg.ee;GGS5.GG3.TDT3;76.9946;05.03.2019 18:33:33;False;Not Annotated;False
pi.vkg.ee;GGS5.GG3.TDT3;77.4703;05.03.2019 19:35:48;False;Not Annotated;False
pi.vkg.ee;GGS5.GG3.TDT3;76.2559;05.03.2019 22:21:18;False;Not Annotated;False
pi.vkg.ee;GGS5.GG3.TDT3;77.8559;05.03.2019 23:16:03;False;Not Annotated;False
pi.vkg.ee;GGS5.GG3.TDT3;76.1261;05.03.2019 23:43:38;False;Not Annotated;False
pi.vkg.ee;GGS5.GG3.TDT3;79.1892;05.03.2019 23:48:08;False;Not Annotated;False
pi.vkg.ee;GGS5.GG3.TDT3;77.0378;06.03.2019 00:32:18;False;Not Annotated;False
pi.vkg.ee;GGS5.GG3.TDT3;78.4613;06.03.2019 00:47:53;False;Not Annotated;False
pi.vkg.ee;GGS5.GG3.TDT3;77.2432;06.03.2019 01:24:33;False;Not Annotated;False
pi.vkg.ee;GGS5.GG3.TDT3;78.9045;06.03.2019 01:39:58;False;Not Annotated;False
pi.vkg.ee;GGS5.GG3.TDT3;76.1874;06.03.2019 02:07:48;False;Not Annotated;False
pi.vkg.ee;GGS5.GG3.TDT3;79.0667;06.03.2019 02:36:43;False;Not Annotated;False
pi.vkg.ee;GGS5.GG3.TDT3;76.3892;06.03.2019 03:07:58;False;Not Annotated;False
pi.vkg.ee;GGS5.GG3.TDT3;78.0613;06.03.2019 03:29:03;False;Not Annotated;False
pi.vkg.ee;GGS5.GG3.TDT3;78;06.03.2019 06:08:58;False;Not Annotated;False
pi.vkg.ee;GGS5.GG3.TDT3;78.7856;06.03.2019 07:32:53;False;Not Annotated;False
pi.vkg.ee;GGS5.GG3.TDT3;76.6378;06.03.2019 08:06:08;False;Not Annotated;False
pi.vkg.ee;GGS5.GG3.TDT3;76.5802;06.03.2019 08:36:48;False;Not Annotated;False
pi.vkg.ee;GGS5.GG3.TDT3;76.6126;06.03.2019 09:41:38;False;Not Annotated;False
pi.vkg.ee;GGS5.GG3.TDT3;77.7694;06.03.2019 11:26:58;False;Not Annotated;False
pi.vkg.ee;GGS5.GG3.TDT3;77.982;06.03.2019 12:04:08;False;Not Annotated;False
pi.vkg.ee;GGS5.GG3.TDT3;74.9658;06.03.2019 12:12:48;False;Not Annotated;False
pi.vkg.ee;GGS5.GG3.TDT3;78.2703;06.03.2019 12:43:53;False;Not Annotated;False
pi.vkg.ee;GGS5.GG3.TDT3;76.418;06.03.2019 16:18:33;False;Not Annotated;False
pi.vkg.ee;GGS5.GG3.TDT3;77.3874;06.03.2019 16:59:28;False;Not Annotated;False
pi.vkg.ee;GGS5.GG3.TDT3;74.9982;06.03.2019 17:15:48;False;Not Annotated;False
pi.vkg.ee;GGS5.GG3.TDT3;78.7964;06.03.2019 17:52:58;False;Not Annotated;False
pi.vkg.ee;GGS5.GG3.TDT3;76.2559;06.03.2019 18:19:43;False;Not Annotated;False
pi.vkg.ee;GGS5.GG3.TDT3;78.5333;06.03.2019 18:51:38;False;Not Annotated;False
pi.vkg.ee;GGS5.GG3.TDT3;77.0919;06.03.2019 19:18:48;False;Not Annotated;False
pi.vkg.ee;GGS5.GG3.TDT3;77.409;06.03.2019 20:41:33;False;Not Annotated;False
pi.vkg.ee;GGS5.GG3.TDT3;77.2721;06.03.2019 21:07:43;False;Not Annotated;False
pi.vkg.ee;GGS5.GG3.TDT3;76.6162;06.03.2019 21:33:18;False;Not Annotated;False
pi.vkg.ee;GGS5.GG3.TDT3;79.5243;06.03.2019 21:38:58;False;Not Annotated;False
pi.vkg.ee;GGS5.GG3.TDT3;75.3009;06.03.2019 22:15:38;False;Not Annotated;False
pi.vkg.ee;GGS5.GG3.TDT3;78.5838;06.03.2019 22:47:03;False;Not Annotated;False
pi.vkg.ee;GGS5.GG3.TDT3;77.7045;06.03.2019 23:32:18;False;Not Annotated;False
pi.vkg.ee;GGS5.GG3.TDT3;77.6396;07.03.2019 00:37:53;False;Not Annotated;False
pi.vkg.ee;GGS5.GG3.TDT3;77.1928;07.03.2019 01:00:13;False;Not Annotated;False
pi.vkg.ee;GGS5.GG3.TDT3;78.036;07.03.2019 01:27:48;False;Not Annotated;False
pi.vkg.ee;GGS5.GG3.TDT3;78.1982;07.03.2019 02:41:13;False;Not Annotated;False
pi.vkg.ee;GGS5.GG3.TDT3;76.7784;07.03.2019 03:28:43;False;Not Annotated;False
pi.vkg.ee;GGS5.GG3.TDT3;79.8775;07.03.2019 03:36:28;False;Not Annotated;False
pi.vkg.ee;GGS5.GG3.TDT3;76.5622;07.03.2019 04:18:53;False;Not Annotated;False
pi.vkg.ee;GGS5.GG3.TDT3;77.8486;07.03.2019 04:36:38;False;Not Annotated;False
pi.vkg.ee;GGS5.GG3.TDT3;78.2018;07.03.2019 06:10:28;False;Not Annotated;False
pi.vkg.ee;GGS5.GG3.TDT3;77.7117;07.03.2019 07:03:03;False;Not Annotated;False
pi.vkg.ee;GGS5.GG3.TDT3;76.5694;07.03.2019 07:23:13;False;Not Annotated;False
pi.vkg.ee;GGS5.GG3.TDT3;78.1153;07.03.2019 07:59:58;False;Not Annotated;False
pi.vkg.ee;GGS5.GG3.TDT3;77.4955;07.03.2019 09:00:58;False;Not Annotated;False
pi.vkg.ee;GGS5.GG3.TDT3;77.5928;07.03.2019 10:18:58;False;Not Annotated;False
pi.vkg.ee;GGS5.GG3.TDT3;78.1441;07.03.2019 11:19:58;False;Not Annotated;False
pi.vkg.ee;GGS5.GG3.TDT3;78.0432;07.03.2019 12:28:08;False;Not Annotated;False
pi.vkg.ee;GGS5.GG3.TDT3;76.5441;07.03.2019 13:30:48;False;Not Annotated;False
pi.vkg.ee;GGS5.GG3.TDT3;77.9676;07.03.2019 14:13:43;False;Not Annotated;False
pi.vkg.ee;GGS5.GG3.TDT3;77.0739;07.03.2019 15:08:08;False;Not Annotated;False
pi.vkg.ee;GGS5.GG3.TDT3;78.4577;07.03.2019 15:38:18;False;Not Annotated;False
pi.vkg.ee;GGS5.GG3.TDT3;75.9387;07.03.2019 16:17:23;False;Not Annotated;False
pi.vkg.ee;GGS5.GG3.TDT3;78.364;07.03.2019 16:50:38;False;Not Annotated;False
pi.vkg.ee;GGS5.GG3.TDT3;75.6252;07.03.2019 17:10:38;False;Not Annotated;False
pi.vkg.ee;GGS5.GG3.TDT3;78.245;07.03.2019 17:46:03;False;Not Annotated;False
pi.vkg.ee;GGS5.GG3.TDT3;78.9225;07.03.2019 17:58:24;False;Not Annotated;False
pi.vkg.ee;GGS5.GG3.TDT3;75.2144;07.03.2019 18:17:18;False;Not Annotated;False
pi.vkg.ee;GGS5.GG3.TDT3;80.0072;07.03.2019 18:52:18;False;Not Annotated;False
pi.vkg.ee;GGS5.GG3.TDT3;75.9315;07.03.2019 19:20:18;False;Not Annotated;False
pi.vkg.ee;GGS5.GG3.TDT3;79.8811;07.03.2019 19:37:53;False;Not Annotated;False
pi.vkg.ee;GGS5.GG3.TDT3;74.8541;07.03.2019 20:05:43;False;Not Annotated;False
pi.vkg.ee;GGS5.GG3.TDT3;80.1658;07.03.2019 20:23:28;False;Not Annotated;False
pi.vkg.ee;GGS5.GG3.TDT3;75.236;07.03.2019 20:50:08;False;Not Annotated;False
pi.vkg.ee;GGS5.GG3.TDT3;77.5892;07.03.2019 21:11:43;False;Not Annotated;False
pi.vkg.ee;GGS5.GG3.TDT3;79.2468;07.03.2019 21:22:43;False;Not Annotated;False
pi.vkg.ee;GGS5.GG3.TDT3;75.2144;07.03.2019 21:44:58;False;Not Annotated;False
pi.vkg.ee;GGS5.GG3.TDT3;78.4793;07.03.2019 22:08:08;False;Not Annotated;False
pi.vkg.ee;GGS5.GG3.TDT3;76.955;07.03.2019 22:38:23;False;Not Annotated;False
pi.vkg.ee;GGS5.GG3.TDT3;80.0432;07.03.2019 22:42:48;False;Not Annotated;False
pi.vkg.ee;GGS5.GG3.TDT3;75.7153;07.03.2019 23:14:58;False;Not Annotated;False
pi.vkg.ee;GGS5.GG3.TDT3;78.3135;07.03.2019 23:30:38;False;Not Annotated;False
pi.vkg.ee;GGS5.GG3.TDT3;77.4847;08.03.2019 00:15:48;False;Not Annotated;False
pi.vkg.ee;GGS5.GG3.TDT3;79.1928;08.03.2019 00:26:53;False;Not Annotated;False
pi.vkg.ee;GGS5.GG3.TDT3;74.3532;08.03.2019 00:50:13;False;Not Annotated;False
pi.vkg.ee;GGS5.GG3.TDT3;79.6144;08.03.2019 01:03:48;False;Not Annotated;False
pi.vkg.ee;GGS5.GG3.TDT3;75.1279;08.03.2019 01:32:18;False;Not Annotated;False
pi.vkg.ee;GGS5.GG3.TDT3;80.2631;08.03.2019 01:47:38;False;Not Annotated;False
pi.vkg.ee;GGS5.GG3.TDT3;74.6559;08.03.2019 02:15:13;False;Not Annotated;False
pi.vkg.ee;GGS5.GG3.TDT3;78.0757;08.03.2019 02:42:38;False;Not Annotated;False
pi.vkg.ee;GGS5.GG3.TDT3;78.0757;08.03.2019 03:33:28;False;Not Annotated;False
pi.vkg.ee;GGS5.GG3.TDT3;76.6378;08.03.2019 03:56:43;False;Not Annotated;False
pi.vkg.ee;GGS5.GG3.TDT3;79.2829;08.03.2019 04:21:43;False;Not Annotated;False
pi.vkg.ee;GGS5.GG3.TDT3;76.3279;08.03.2019 04:55:53;False;Not Annotated;False
pi.vkg.ee;GGS5.GG3.TDT3;77.5568;08.03.2019 05:14:48;False;Not Annotated;False
pi.vkg.ee;GGS5.GG3.TDT3;77.8054;08.03.2019 05:43:28;False;Not Annotated;False
pi.vkg.ee;GGS5.GG3.TDT3;77.4342;08.03.2019 06:27:08;False;Not Annotated;False
pi.vkg.ee;GGS5.GG3.TDT3;77.8667;08.03.2019 07:20:43;False;Not Annotated;False
pi.vkg.ee;GGS5.GG3.TDT3;77.8018;08.03.2019 08:07:23;False;Not Annotated;False
pi.vkg.ee;GGS5.GG3.TDT3;77.4667;08.03.2019 09:22:18;False;Not Annotated;False
pi.vkg.ee;GGS5.GG3.TDT3;78.0649;08.03.2019 10:13:48;False;Not Annotated;False
pi.vkg.ee;GGS5.GG3.TDT3;77.3513;08.03.2019 10:30:18;False;Not Annotated;False
pi.vkg.ee;GGS5.GG3.TDT3;77.4703;08.03.2019 10:56:53;False;Not Annotated;False
pi.vkg.ee;GGS5.GG3.TDT3;76.782;08.03.2019 11:18:18;False;Not Annotated;False
pi.vkg.ee;GGS5.GG3.TDT3;77.809;08.03.2019 12:02:23;False;Not Annotated;False
pi.vkg.ee;GGS5.GG3.TDT3;76.8324;08.03.2019 12:24:28;False;Not Annotated;False
pi.vkg.ee;GGS5.GG3.TDT3;78.0757;08.03.2019 12:45:43;False;Not Annotated;False
pi.vkg.ee;GGS5.GG3.TDT3;77.5496;08.03.2019 13:20:43;False;Not Annotated;False
pi.vkg.ee;GGS5.GG3.TDT3;78.6919;08.03.2019 13:32:53;False;Not Annotated;False
pi.vkg.ee;GGS5.GG3.TDT3;76.8396;08.03.2019 13:57:18;False;Not Annotated;False
pi.vkg.ee;GGS5.GG3.TDT3;76.3279;08.03.2019 14:31:18;False;Not Annotated;False
pi.vkg.ee;GGS5.GG3.TDT3;77.7045;08.03.2019 15:06:33;False;Not Annotated;False
pi.vkg.ee;GGS5.GG3.TDT3;77.9171;08.03.2019 15:38:13;False;Not Annotated;False
pi.vkg.ee;GGS5.GG3.TDT3;77.8775;08.03.2019 16:47:28;False;Not Annotated;False
pi.vkg.ee;GGS5.GG3.TDT3;75.9207;08.03.2019 17:34:33;False;Not Annotated;False
pi.vkg.ee;GGS5.GG3.TDT3;77.0451;08.03.2019 18:10:08;False;Not Annotated;False
pi.vkg.ee;GGS5.GG3.TDT3;78.0757;08.03.2019 18:36:43;False;Not Annotated;False
pi.vkg.ee;GGS5.GG3.TDT3;76.5406;08.03.2019 19:13:53;False;Not Annotated;False
pi.vkg.ee;GGS5.GG3.TDT3;78.3135;08.03.2019 19:32:48;False;Not Annotated;False
pi.vkg.ee;GGS5.GG3.TDT3;77.6505;08.03.2019 20:04:03;False;Not Annotated;False
pi.vkg.ee;GGS5.GG3.TDT3;76.1369;08.03.2019 20:53:23;False;Not Annotated;False
pi.vkg.ee;GGS5.GG3.TDT3;77.8234;08.03.2019 21:24:33;False;Not Annotated;False
pi.vkg.ee;GGS5.GG3.TDT3;77.7838;08.03.2019 21:57:43;False;Not Annotated;False
pi.vkg.ee;GGS5.GG3.TDT3;78.1189;08.03.2019 22:55:48;False;Not Annotated;False
pi.vkg.ee;GGS5.GG3.TDT3;77.1243;09.03.2019 00:52:53;False;Not Annotated;False
pi.vkg.ee;GGS5.GG3.TDT3;77.0883;09.03.2019 01:25:28;False;Not Annotated;False
pi.vkg.ee;GGS5.GG3.TDT3;77.0559;09.03.2019 02:40:23;False;Not Annotated;False
pi.vkg.ee;GGS5.GG3.TDT3;78.036;09.03.2019 03:24:58;False;Not Annotated;False
pi.vkg.ee;GGS5.GG3.TDT3;76.7423;09.03.2019 03:50:28;False;Not Annotated;False
pi.vkg.ee;GGS5.GG3.TDT3;76.836;09.03.2019 04:22:53;False;Not Annotated;False
pi.vkg.ee;GGS5.GG3.TDT3;76.2775;09.03.2019 05:43:38;False;Not Annotated;False
pi.vkg.ee;GGS5.GG3.TDT3;77.9532;09.03.2019 06:54:33;False;Not Annotated;False
pi.vkg.ee;GGS5.GG3.TDT3;76.6955;09.03.2019 07:25:13;False;Not Annotated;False
pi.vkg.ee;GGS5.GG3.TDT3;77.7225;09.03.2019 07:48:48;False;Not Annotated;False
pi.vkg.ee;GGS5.GG3.TDT3;77.7117;09.03.2019 08:24:28;False;Not Annotated;False
pi.vkg.ee;GGS5.GG3.TDT3;77.2144;09.03.2019 09:13:53;False;Not Annotated;False
pi.vkg.ee;GGS5.GG3.TDT3;78.2955;09.03.2019 09:30:33;False;Not Annotated;False
pi.vkg.ee;GGS5.GG3.TDT3;76.3135;09.03.2019 10:01:58;False;Not Annotated;False
pi.vkg.ee;GGS5.GG3.TDT3;78.7604;09.03.2019 10:19:38;False;Not Annotated;False
pi.vkg.ee;GGS5.GG3.TDT3;74.6378;09.03.2019 10:40:38;False;Not Annotated;False
pi.vkg.ee;GGS5.GG3.TDT3;79.9748;09.03.2019 11:10:08;False;Not Annotated;False
pi.vkg.ee;GGS5.GG3.TDT3;74.955;09.03.2019 11:29:03;False;Not Annotated;False
pi.vkg.ee;GGS5.GG3.TDT3;78.4901;09.03.2019 11:57:51;False;Not Annotated;False
pi.vkg.ee;GGS5.GG3.TDT3;77.773;09.03.2019 12:41:03;False;Not Annotated;False
pi.vkg.ee;GGS5.GG3.TDT3;77.3261;09.03.2019 13:18:53;False;Not Annotated;False
pi.vkg.ee;GGS5.GG3.TDT3;78.7279;09.03.2019 14:21:23;False;Not Annotated;False
pi.vkg.ee;GGS5.GG3.TDT3;75.9712;09.03.2019 15:10:13;False;Not Annotated;False
pi.vkg.ee;GGS5.GG3.TDT3;78.7027;09.03.2019 15:25:38;False;Not Annotated;False
pi.vkg.ee;GGS5.GG3.TDT3;76.4432;09.03.2019 16:12:33;False;Not Annotated;False
pi.vkg.ee;GGS5.GG3.TDT3;76.955;09.03.2019 16:53:18;False;Not Annotated;False
pi.vkg.ee;GGS5.GG3.TDT3;78.6018;09.03.2019 17:25:53;False;Not Annotated;False
pi.vkg.ee;GGS5.GG3.TDT3;76.6955;09.03.2019 18:23:38;False;Not Annotated;False
pi.vkg.ee;GGS5.GG3.TDT3;78.5946;09.03.2019 18:50:23;False;Not Annotated;False
pi.vkg.ee;GGS5.GG3.TDT3;76.5622;09.03.2019 19:19:43;False;Not Annotated;False
pi.vkg.ee;GGS5.GG3.TDT3;79.3333;09.03.2019 19:46:13;False;Not Annotated;False
pi.vkg.ee;GGS5.GG3.TDT3;75.2613;09.03.2019 20:07:35;False;Not Annotated;False
pi.vkg.ee;GGS5.GG3.TDT3;78.1333;09.03.2019 20:45:28;False;Not Annotated;False
pi.vkg.ee;GGS5.GG3.TDT3;76.8829;09.03.2019 21:20:38;False;Not Annotated;False
pi.vkg.ee;GGS5.GG3.TDT3;78.7279;09.03.2019 21:31:48;False;Not Annotated;False
pi.vkg.ee;GGS5.GG3.TDT3;76.5406;09.03.2019 22:02:58;False;Not Annotated;False
pi.vkg.ee;GGS5.GG3.TDT3;77.4991;09.03.2019 22:28:03;False;Not Annotated;False
pi.vkg.ee;GGS5.GG3.TDT3;78.0973;10.03.2019 00:13:28;False;Not Annotated;False
pi.vkg.ee;GGS5.GG3.TDT3;77.4595;10.03.2019 01:02:18;False;Not Annotated;False
pi.vkg.ee;GGS5.GG3.TDT3;76.4793;10.03.2019 02:23:13;False;Not Annotated;False
pi.vkg.ee;GGS5.GG3.TDT3;77.2901;10.03.2019 03:06:08;False;Not Annotated;False
pi.vkg.ee;GGS5.GG3.TDT3;77.9027;10.03.2019 04:25:48;False;Not Annotated;False
pi.vkg.ee;GGS5.GG3.TDT3;77.7009;10.03.2019 05:15:23;False;Not Annotated;False
pi.vkg.ee;GGS5.GG3.TDT3;77.8018;10.03.2019 06:04:08;False;Not Annotated;False
pi.vkg.ee;GGS5.GG3.TDT3;78.245;10.03.2019 07:00:43;False;Not Annotated;False
pi.vkg.ee;GGS5.GG3.TDT3;77.9027;10.03.2019 07:51:33;False;Not Annotated;False
pi.vkg.ee;GGS5.GG3.TDT3;77.8667;10.03.2019 08:49:18;False;Not Annotated;False
pi.vkg.ee;GGS5.GG3.TDT3;77.7586;10.03.2019 10:42:23;False;Not Annotated;False
pi.vkg.ee;GGS5.GG3.TDT3;76.973;10.03.2019 11:34:38;False;Not Annotated;False
pi.vkg.ee;GGS5.GG3.TDT3;78.4901;10.03.2019 11:55:38;False;Not Annotated;False
pi.vkg.ee;GGS5.GG3.TDT3;75.7477;10.03.2019 12:13:13;False;Not Annotated;False
pi.vkg.ee;GGS5.GG3.TDT3;77.5604;10.03.2019 13:01:33;False;Not Annotated;False
pi.vkg.ee;GGS5.GG3.TDT3;78.0793;10.03.2019 13:52:13;False;Not Annotated;False
pi.vkg.ee;GGS5.GG3.TDT3;78.6919;10.03.2019 14:55:43;False;Not Annotated;False
pi.vkg.ee;GGS5.GG3.TDT3;76.4216;10.03.2019 15:28:03;False;Not Annotated;False
pi.vkg.ee;GGS5.GG3.TDT3;76.836;10.03.2019 17:06:28;False;Not Annotated;False
pi.vkg.ee;GGS5.GG3.TDT3;78.4396;10.03.2019 17:35:28;False;Not Annotated;False
pi.vkg.ee;GGS5.GG3.TDT3;77.9171;10.03.2019 17:48:53;False;Not Annotated;False
pi.vkg.ee;GGS5.GG3.TDT3;76.9658;10.03.2019 18:16:08;False;Not Annotated;False
pi.vkg.ee;GGS5.GG3.TDT3;77.6865;10.03.2019 18:42:38;False;Not Annotated;False
pi.vkg.ee;GGS5.GG3.TDT3;76.6559;10.03.2019 19:08:08;False;Not Annotated;False
pi.vkg.ee;GGS5.GG3.TDT3;80.9477;10.03.2019 19:12:48;False;Not Annotated;False
pi.vkg.ee;GGS5.GG3.TDT3;75.4703;10.03.2019 19:40:33;False;Not Annotated;False
pi.vkg.ee;GGS5.GG3.TDT3;79.2;10.03.2019 19:49:18;False;Not Annotated;False
pi.vkg.ee;GGS5.GG3.TDT3;76.1009;10.03.2019 20:31:28;False;Not Annotated;False
pi.vkg.ee;GGS5.GG3.TDT3;79.7514;10.03.2019 20:35:58;False;Not Annotated;False
pi.vkg.ee;GGS5.GG3.TDT3;76.2703;10.03.2019 21:06:58;False;Not Annotated;False
pi.vkg.ee;GGS5.GG3.TDT3;77.9459;10.03.2019 21:46:58;False;Not Annotated;False
pi.vkg.ee;GGS5.GG3.TDT3;77.8414;10.03.2019 22:34:38;False;Not Annotated;False
pi.vkg.ee;GGS5.GG3.TDT3;79.5928;10.03.2019 22:44:38;False;Not Annotated;False
pi.vkg.ee;GGS5.GG3.TDT3;76.3712;10.03.2019 23:06:13;False;Not Annotated;False
pi.vkg.ee;GGS5.GG3.TDT3;78.5586;10.03.2019 23:34:08;False;Not Annotated;False
pi.vkg.ee;GGS5.GG3.TDT3;77.2901;10.03.2019 23:48:23;False;Not Annotated;False
pi.vkg.ee;GGS5.GG3.TDT3;77.182;11.03.2019 00:10:53;False;Not Annotated;False
pi.vkg.ee;GGS5.GG3.TDT3;77.9856;11.03.2019 00:36:23;False;Not Annotated;False
pi.vkg.ee;GGS5.GG3.TDT3;77.0991;11.03.2019 01:14:13;False;Not Annotated;False
pi.vkg.ee;GGS5.GG3.TDT3;78.7243;11.03.2019 01:29:43;False;Not Annotated;False
pi.vkg.ee;GGS5.GG3.TDT3;76.5622;11.03.2019 02:11:23;False;Not Annotated;False
pi.vkg.ee;GGS5.GG3.TDT3;78.6126;11.03.2019 02:36:58;False;Not Annotated;False
pi.vkg.ee;GGS5.GG3.TDT3;75.3586;11.03.2019 03:03:28;False;Not Annotated;False
pi.vkg.ee;GGS5.GG3.TDT3;78.0072;11.03.2019 03:27:03;False;Not Annotated;False
pi.vkg.ee;GGS5.GG3.TDT3;77.2;11.03.2019 04:22:53;False;Not Annotated;False
pi.vkg.ee;GGS5.GG3.TDT3;77.1964;11.03.2019 05:16:33;False;Not Annotated;False
pi.vkg.ee;GGS5.GG3.TDT3;77.1604;11.03.2019 06:12:33;False;Not Annotated;False
pi.vkg.ee;GGS5.GG3.TDT3;79.5676;11.03.2019 06:14:48;False;Not Annotated;False
pi.vkg.ee;GGS5.GG3.TDT3;76.6955;11.03.2019 07:04:33;False;Not Annotated;False
pi.vkg.ee;GGS5.GG3.TDT3;79.9099;11.03.2019 07:07:03;False;Not Annotated;False
pi.vkg.ee;GGS5.GG3.TDT3;76.5117;11.03.2019 07:41:28;False;Not Annotated;False
pi.vkg.ee;GGS5.GG3.TDT3;79.9315;11.03.2019 07:45:58;False;Not Annotated;False
pi.vkg.ee;GGS5.GG3.TDT3;76.1189;11.03.2019 08:15:03;False;Not Annotated;False
pi.vkg.ee;GGS5.GG3.TDT3;77.8811;11.03.2019 08:46:28;False;Not Annotated;False
pi.vkg.ee;GGS5.GG3.TDT3;77.5496;11.03.2019 09:17:43;False;Not Annotated;False
pi.vkg.ee;GGS5.GG3.TDT3;76.5694;11.03.2019 10:51:38;False;Not Annotated;False
pi.vkg.ee;GGS5.GG3.TDT3;77.809;11.03.2019 11:10:43;False;Not Annotated;False
pi.vkg.ee;GGS5.GG3.TDT3;78.4973;11.03.2019 12:34:18;False;Not Annotated;False
pi.vkg.ee;GGS5.GG3.TDT3;76.5802;11.03.2019 13:16:23;False;Not Annotated;False
pi.vkg.ee;GGS5.GG3.TDT3;78.5297;11.03.2019 13:33:03;False;Not Annotated;False
pi.vkg.ee;GGS5.GG3.TDT3;77.2901;11.03.2019 14:09:03;False;Not Annotated;False
pi.vkg.ee;GGS5.GG3.TDT3;78.4757;11.03.2019 14:22:23;False;Not Annotated;False
pi.vkg.ee;GGS5.GG3.TDT3;77.1423;11.03.2019 14:51:23;False;Not Annotated;False
pi.vkg.ee;GGS5.GG3.TDT3;77.4667;11.03.2019 15:18:33;False;Not Annotated;False
pi.vkg.ee;GGS5.GG3.TDT3;77.7189;11.03.2019 17:03:48;False;Not Annotated;False
pi.vkg.ee;GGS5.GG3.TDT3;78.818;11.03.2019 17:13:43;False;Not Annotated;False
pi.vkg.ee;GGS5.GG3.TDT3;76.5441;11.03.2019 17:42:48;False;Not Annotated;False
pi.vkg.ee;GGS5.GG3.TDT3;78.0252;11.03.2019 18:00:23;False;Not Annotated;False
pi.vkg.ee;GGS5.GG3.TDT3;78.0613;11.03.2019 18:48:13;False;Not Annotated;False
pi.vkg.ee;GGS5.GG3.TDT3;77.4847;11.03.2019 19:35:33;False;Not Annotated;False
pi.vkg.ee;GGS5.GG3.TDT3;78.8144;11.03.2019 19:46:38;False;Not Annotated;False
pi.vkg.ee;GGS5.GG3.TDT3;77.2685;11.03.2019 20:25:48;False;Not Annotated;False
pi.vkg.ee;GGS5.GG3.TDT3;77.9532;11.03.2019 21:30:58;False;Not Annotated;False
pi.vkg.ee;GGS5.GG3.TDT3;77.7045;11.03.2019 22:19:13;False;Not Annotated;False
pi.vkg.ee;GGS5.GG3.TDT3;77.445;11.03.2019 23:13:53;False;Not Annotated;False
pi.vkg.ee;GGS5.GG3.TDT3;76.8036;12.03.2019 00:03:08;False;Not Annotated;False
pi.vkg.ee;GGS5.GG3.TDT3;78.4;12.03.2019 00:16:13;False;Not Annotated;False
pi.vkg.ee;GGS5.GG3.TDT3;77.8991;12.03.2019 00:53:53;False;Not Annotated;False
pi.vkg.ee;GGS5.GG3.TDT3;77.755;12.03.2019 01:52:03;False;Not Annotated;False
pi.vkg.ee;GGS5.GG3.TDT3;77.0126;12.03.2019 02:27:23;False;Not Annotated;False
pi.vkg.ee;GGS5.GG3.TDT3;80.0252;12.03.2019 02:35:08;False;Not Annotated;False
pi.vkg.ee;GGS5.GG3.TDT3;74.9261;12.03.2019 02:57:23;False;Not Annotated;False
pi.vkg.ee;GGS5.GG3.TDT3;79.4883;12.03.2019 03:15:33;False;Not Annotated;False
pi.vkg.ee;GGS5.GG3.TDT3;75.8306;12.03.2019 03:37:53;False;Not Annotated;False
pi.vkg.ee;GGS5.GG3.TDT3;79.2108;12.03.2019 03:44:23;False;Not Annotated;False
pi.vkg.ee;GGS5.GG3.TDT3;75.9099;12.03.2019 04:17:18;False;Not Annotated;False
pi.vkg.ee;GGS5.GG3.TDT3;80.0577;12.03.2019 04:29:23;False;Not Annotated;False
pi.vkg.ee;GGS5.GG3.TDT3;75.4522;12.03.2019 04:53:53;False;Not Annotated;False
pi.vkg.ee;GGS5.GG3.TDT3;79.2865;12.03.2019 05:04:48;False;Not Annotated;False
pi.vkg.ee;GGS5.GG3.TDT3;77.2072;12.03.2019 05:44:33;False;Not Annotated;False
pi.vkg.ee;GGS5.GG3.TDT3;79.5748;12.03.2019 05:54:28;False;Not Annotated;False
pi.vkg.ee;GGS5.GG3.TDT3;76.3892;12.03.2019 06:28:08;False;Not Annotated;False
pi.vkg.ee;GGS5.GG3.TDT3;79.5928;12.03.2019 06:32:38;False;Not Annotated;False
pi.vkg.ee;GGS5.GG3.TDT3;77.0523;12.03.2019 07:10:43;False;Not Annotated;False
pi.vkg.ee;GGS5.GG3.TDT3;79.0487;12.03.2019 07:21:48;False;Not Annotated;False
pi.vkg.ee;GGS5.GG3.TDT3;76.5225;12.03.2019 07:56:08;False;Not Annotated;False
pi.vkg.ee;GGS5.GG3.TDT3;79.6108;12.03.2019 08:01:28;False;Not Annotated;False
pi.vkg.ee;GGS5.GG3.TDT3;76.5297;12.03.2019 08:37:03;False;Not Annotated;False
pi.vkg.ee;GGS5.GG3.TDT3;79.3513;12.03.2019 08:47:39;False;Not Annotated;False
pi.vkg.ee;GGS5.GG3.TDT3;77.2;12.03.2019 09:20:28;False;Not Annotated;False
pi.vkg.ee;GGS5.GG3.TDT3;80.209;12.03.2019 09:24:58;False;Not Annotated;False
pi.vkg.ee;GGS5.GG3.TDT3;74.7099;12.03.2019 09:48:08;False;Not Annotated;False
pi.vkg.ee;GGS5.GG3.TDT3;79.7117;12.03.2019 10:03:23;False;Not Annotated;False
pi.vkg.ee;GGS5.GG3.TDT3;75.3441;12.03.2019 10:22:43;False;Not Annotated;False
pi.vkg.ee;GGS5.GG3.TDT3;79.4162;12.03.2019 10:37:13;False;Not Annotated;False
pi.vkg.ee;GGS5.GG3.TDT3;76.8577;12.03.2019 11:23:13;False;Not Annotated;False
pi.vkg.ee;GGS5.GG3.TDT3;79.7658;12.03.2019 11:27:43;False;Not Annotated;False
pi.vkg.ee;GGS5.GG3.TDT3;76.3604;12.03.2019 12:04:18;False;Not Annotated;False
pi.vkg.ee;GGS5.GG3.TDT3;79.8306;12.03.2019 12:09:18;False;Not Annotated;False
pi.vkg.ee;GGS5.GG3.TDT3;76.1009;12.03.2019 12:40:38;False;Not Annotated;False
pi.vkg.ee;GGS5.GG3.TDT3;80.3676;12.03.2019 12:48:28;False;Not Annotated;False
pi.vkg.ee;GGS5.GG3.TDT3;75.0883;12.03.2019 13:15:43;False;Not Annotated;False
pi.vkg.ee;GGS5.GG3.TDT3;79.6685;12.03.2019 13:25:28;False;Not Annotated;False
pi.vkg.ee;GGS5.GG3.TDT3;74.8216;12.03.2019 13:44:28;False;Not Annotated;False
pi.vkg.ee;GGS5.GG3.TDT3;79.6469;12.03.2019 14:03:13;False;Not Annotated;False
pi.vkg.ee;GGS5.GG3.TDT3;76.2234;12.03.2019 14:32:53;False;Not Annotated;False
pi.vkg.ee;GGS5.GG3.TDT3;77.1459;12.03.2019 15:06:48;False;Not Annotated;False
pi.vkg.ee;GGS5.GG3.TDT3;78.5442;12.03.2019 15:32:48;False;Not Annotated;False
pi.vkg.ee;GGS5.GG3.TDT3;77.0919;12.03.2019 16:11:08;False;Not Annotated;False
pi.vkg.ee;GGS5.GG3.TDT3;78.8865;12.03.2019 16:25:33;False;Not Annotated;False
pi.vkg.ee;GGS5.GG3.TDT3;76.036;12.03.2019 16:42:18;False;Not Annotated;False
pi.vkg.ee;GGS5.GG3.TDT3;79.1243;12.03.2019 17:02:53;False;Not Annotated;False
pi.vkg.ee;GGS5.GG3.TDT3;76.2775;12.03.2019 17:20:38;False;Not Annotated;False
pi.vkg.ee;GGS5.GG3.TDT3;78.209;12.03.2019 17:47:18;False;Not Annotated;False
pi.vkg.ee;GGS5.GG3.TDT3;77.1171;12.03.2019 18:14:33;False;Not Annotated;False
pi.vkg.ee;GGS5.GG3.TDT3;80.0973;12.03.2019 18:18:58;False;Not Annotated;False
pi.vkg.ee;GGS5.GG3.TDT3;76.1982;12.03.2019 18:43:28;False;Not Annotated;False
pi.vkg.ee;GGS5.GG3.TDT3;77.6613;12.03.2019 19:14:53;False;Not Annotated;False
pi.vkg.ee;GGS5.GG3.TDT3;78.3712;12.03.2019 19:55:43;False;Not Annotated;False
pi.vkg.ee;GGS5.GG3.TDT3;76.2955;12.03.2019 20:25:33;False;Not Annotated;False
pi.vkg.ee;GGS5.GG3.TDT3;79.5748;12.03.2019 20:45:23;False;Not Annotated;False
pi.vkg.ee;GGS5.GG3.TDT3;74.818;12.03.2019 20:55:28;False;Not Annotated;False
pi.vkg.ee;GGS5.GG3.TDT3;78.7604;12.03.2019 21:10:43;False;Not Annotated;False
pi.vkg.ee;GGS5.GG3.TDT3;79.6216;12.03.2019 21:17:33;False;Not Annotated;False
pi.vkg.ee;GGS5.GG3.TDT3;74.7135;12.03.2019 21:27:28;False;Not Annotated;False
pi.vkg.ee;GGS5.GG3.TDT3;79.0991;12.03.2019 21:43:58;False;Not Annotated;False
pi.vkg.ee;GGS5.GG3.TDT3;75.6504;12.03.2019 21:59:58;False;Not Annotated;False
pi.vkg.ee;GGS5.GG3.TDT3;77.9207;12.03.2019 22:15:23;False;Not Annotated;False
pi.vkg.ee;GGS5.GG3.TDT3;78.782;12.03.2019 22:25:28;False;Not Annotated;False
pi.vkg.ee;GGS5.GG3.TDT3;75.2901;12.03.2019 22:35:23;False;Not Annotated;False
pi.vkg.ee;GGS5.GG3.TDT3;79.2829;12.03.2019 22:54:03;False;Not Annotated;False
pi.vkg.ee;GGS5.GG3.TDT3;76.5441;12.03.2019 23:18:23;False;Not Annotated;False
pi.vkg.ee;GGS5.GG3.TDT3;78.2919;12.03.2019 23:42:33;False;Not Annotated;False
pi.vkg.ee;GGS5.GG3.TDT3;76.2739;13.03.2019 00:01:28;False;Not Annotated;False
pi.vkg.ee;GGS5.GG3.TDT3;78.2342;13.03.2019 00:23:18;False;Not Annotated;False
pi.vkg.ee;GGS5.GG3.TDT3;77.3189;13.03.2019 00:48:33;False;Not Annotated;False
pi.vkg.ee;GGS5.GG3.TDT3;77.4487;13.03.2019 02:04:23;False;Not Annotated;False
pi.vkg.ee;GGS5.GG3.TDT3;77.7009;13.03.2019 02:29:28;False;Not Annotated;False
pi.vkg.ee;GGS5.GG3.TDT3;78.2414;13.03.2019 04:28:28;False;Not Annotated;False
pi.vkg.ee;GGS5.GG3.TDT3;78.9009;13.03.2019 04:37:23;False;Not Annotated;False
pi.vkg.ee;GGS5.GG3.TDT3;76.2595;13.03.2019 04:53:58;False;Not Annotated;False
pi.vkg.ee;GGS5.GG3.TDT3;77.1892;13.03.2019 05:52:08;False;Not Annotated;False
pi.vkg.ee;GGS5.GG3.TDT3;78.2018;13.03.2019 07:51:33;False;Not Annotated;False
pi.vkg.ee;GGS5.GG3.TDT3;77.7658;13.03.2019 08:03:58;False;Not Annotated;False
pi.vkg.ee;GGS5.GG3.TDT3;76.6703;13.03.2019 08:28:44;False;Not Annotated;False
pi.vkg.ee;GGS5.GG3.TDT3;80.0432;13.03.2019 08:32:49;False;Not Annotated;False
pi.vkg.ee;GGS5.GG3.TDT3;75.9387;13.03.2019 08:55:58;False;Not Annotated;False
pi.vkg.ee;GGS5.GG3.TDT3;78.7207;13.03.2019 09:09:33;False;Not Annotated;False
pi.vkg.ee;GGS5.GG3.TDT3;77.2;13.03.2019 09:45:28;False;Not Annotated;False
pi.vkg.ee;GGS5.GG3.TDT3;79.2721;13.03.2019 09:56:28;False;Not Annotated;False
pi.vkg.ee;GGS5.GG3.TDT3;75.8991;13.03.2019 10:14:13;False;Not Annotated;False
pi.vkg.ee;GGS5.GG3.TDT3;77.182;13.03.2019 10:49:33;False;Not Annotated;False
pi.vkg.ee;GGS5.GG3.TDT3;79.0126;13.03.2019 11:19:48;False;Not Annotated;False
pi.vkg.ee;GGS5.GG3.TDT3;75.845;13.03.2019 11:47:38;False;Not Annotated;False
pi.vkg.ee;GGS5.GG3.TDT3;79.9027;13.03.2019 11:57:58;False;Not Annotated;False
pi.vkg.ee;GGS5.GG3.TDT3;75.6072;13.03.2019 12:28:28;False;Not Annotated;False
pi.vkg.ee;GGS5.GG3.TDT3;80.018;13.03.2019 12:36:08;False;Not Annotated;False
pi.vkg.ee;GGS5.GG3.TDT3;75.7658;13.03.2019 13:08:35;False;Not Annotated;False
pi.vkg.ee;GGS5.GG3.TDT3;80.0252;13.03.2019 13:15:53;False;Not Annotated;False
pi.vkg.ee;GGS5.GG3.TDT3;75.445;13.03.2019 13:41:33;False;Not Annotated;False
pi.vkg.ee;GGS5.GG3.TDT3;79.8739;13.03.2019 13:49:13;False;Not Annotated;False
pi.vkg.ee;GGS5.GG3.TDT3;75.9856;13.03.2019 14:12:18;False;Not Annotated;False
pi.vkg.ee;GGS5.GG3.TDT3;78.8396;13.03.2019 14:35:23;False;Not Annotated;False
pi.vkg.ee;GGS5.GG3.TDT3;75.4487;13.03.2019 14:51:03;False;Not Annotated;False
pi.vkg.ee;GGS5.GG3.TDT3;78.4216;13.03.2019 15:11:58;False;Not Annotated;False
pi.vkg.ee;GGS5.GG3.TDT3;77.3009;13.03.2019 16:34:28;False;Not Annotated;False
pi.vkg.ee;GGS5.GG3.TDT3;77.9532;13.03.2019 17:34:28;False;Not Annotated;False
pi.vkg.ee;GGS5.GG3.TDT3;78.7207;13.03.2019 17:44:38;False;Not Annotated;False
pi.vkg.ee;GGS5.GG3.TDT3;74.9802;13.03.2019 17:54:33;False;Not Annotated;False
pi.vkg.ee;GGS5.GG3.TDT3;79.1243;13.03.2019 18:13:03;False;Not Annotated;False
pi.vkg.ee;GGS5.GG3.TDT3;76.9405;13.03.2019 18:55:33;False;Not Annotated;False
pi.vkg.ee;GGS5.GG3.TDT3;78.8036;13.03.2019 19:59:18;False;Not Annotated;False
pi.vkg.ee;GGS5.GG3.TDT3;77.1748;13.03.2019 20:44:13;False;Not Annotated;False
pi.vkg.ee;GGS5.GG3.TDT3;78.1333;13.03.2019 21:00:18;False;Not Annotated;False
pi.vkg.ee;GGS5.GG3.TDT3;77.6252;13.03.2019 21:30:58;False;Not Annotated;False
pi.vkg.ee;GGS5.GG3.TDT3;78.9189;13.03.2019 21:42:58;False;Not Annotated;False
pi.vkg.ee;GGS5.GG3.TDT3;76.2991;13.03.2019 22:06:28;False;Not Annotated;False
pi.vkg.ee;GGS5.GG3.TDT3;79.0631;13.03.2019 22:25:38;False;Not Annotated;False
pi.vkg.ee;GGS5.GG3.TDT3;76.4901;13.03.2019 22:52:23;False;Not Annotated;False
pi.vkg.ee;GGS5.GG3.TDT3;78.7495;13.03.2019 23:12:38;False;Not Annotated;False
pi.vkg.ee;GGS5.GG3.TDT3;77.0811;13.03.2019 23:41:28;False;Not Annotated;False
pi.vkg.ee;GGS5.GG3.TDT3;79.5027;13.03.2019 23:52:28;False;Not Annotated;False
pi.vkg.ee;GGS5.GG3.TDT3;75.964;14.03.2019 00:14:38;False;Not Annotated;False
pi.vkg.ee;GGS5.GG3.TDT3;80.0721;14.03.2019 00:30:53;False;Not Annotated;False
pi.vkg.ee;GGS5.GG3.TDT3;75.8198;14.03.2019 00:42:03;False;Not Annotated;False
pi.vkg.ee;GGS5.GG3.TDT3;77.3946;14.03.2019 01:21:23;False;Not Annotated;False
pi.vkg.ee;GGS5.GG3.TDT3;78.1802;14.03.2019 01:50:18;False;Not Annotated;False
pi.vkg.ee;GGS5.GG3.TDT3;79.0342;14.03.2019 01:58:13;False;Not Annotated;False
pi.vkg.ee;GGS5.GG3.TDT3;76.8036;14.03.2019 02:21:53;False;Not Annotated;False
pi.vkg.ee;GGS5.GG3.TDT3;78.2955;14.03.2019 02:37:18;False;Not Annotated;False
pi.vkg.ee;GGS5.GG3.TDT3;76.191;14.03.2019 03:26:48;False;Not Annotated;False
pi.vkg.ee;GGS5.GG3.TDT3;I/O Timeout;14.03.2019 03:27:11;False;Not Annotated;False
pi.vkg.ee;GGS5.GG3.TDT3;76.191;14.03.2019 03:33:29;False;Not Annotated;False
pi.vkg.ee;GGS5.GG3.TDT3;79.2541;14.03.2019 04:08:33;False;Not Annotated;False
pi.vkg.ee;GGS5.GG3.TDT3;76.7027;14.03.2019 04:41:43;False;Not Annotated;False
pi.vkg.ee;GGS5.GG3.TDT3;77.845;14.03.2019 05:25:08;False;Not Annotated;False
pi.vkg.ee;GGS5.GG3.TDT3;78.2162;14.03.2019 06:16:13;False;Not Annotated;False
pi.vkg.ee;GGS5.GG3.TDT3;78.0577;14.03.2019 07:00:53;False;Not Annotated;False
pi.vkg.ee;GGS5.GG3.TDT3;77.1207;14.03.2019 07:48:43;False;Not Annotated;False
pi.vkg.ee;GGS5.GG3.TDT3;78.4865;14.03.2019 08:01:18;False;Not Annotated;False
pi.vkg.ee;GGS5.GG3.TDT3;77.6613;14.03.2019 08:49:08;False;Not Annotated;False
pi.vkg.ee;GGS5.GG3.TDT3;76.1369;14.03.2019 09:17:03;False;Not Annotated;False
pi.vkg.ee;GGS5.GG3.TDT3;77.5207;14.03.2019 09:48:08;False;Not Annotated;False
pi.vkg.ee;GGS5.GG3.TDT3;76.3784;14.03.2019 10:36:28;False;Not Annotated;False
pi.vkg.ee;GGS5.GG3.TDT3;78.8541;14.03.2019 11:05:38;False;Not Annotated;False
pi.vkg.ee;GGS5.GG3.TDT3;76.1369;14.03.2019 11:43:28;False;Not Annotated;False
pi.vkg.ee;GGS5.GG3.TDT3;79.5892;14.03.2019 11:49:03;False;Not Annotated;False
pi.vkg.ee;GGS5.GG3.TDT3;76.8324;14.03.2019 12:23:33;False;Not Annotated;False
pi.vkg.ee;GGS5.GG3.TDT3;78.3135;14.03.2019 13:56:53;False;Not Annotated;False
pi.vkg.ee;GGS5.GG3.TDT3;76.1189;14.03.2019 14:19:43;False;Not Annotated;False
pi.vkg.ee;GGS5.GG3.TDT3;78.3459;14.03.2019 14:45:18;False;Not Annotated;False
pi.vkg.ee;GGS5.GG3.TDT3;78.2522;14.03.2019 16:06:53;False;Not Annotated;False
pi.vkg.ee;GGS5.GG3.TDT3;76.9838;14.03.2019 16:50:03;False;Not Annotated;False
pi.vkg.ee;GGS5.GG3.TDT3;78.9802;14.03.2019 16:58:03;False;Not Annotated;False
pi.vkg.ee;GGS5.GG3.TDT3;77.182;14.03.2019 18:19:18;False;Not Annotated;False
pi.vkg.ee;GGS5.GG3.TDT3;78.5874;14.03.2019 18:34:48;False;Not Annotated;False
pi.vkg.ee;GGS5.GG3.TDT3;76.4216;14.03.2019 19:01:23;False;Not Annotated;False
pi.vkg.ee;GGS5.GG3.TDT3;77.809;14.03.2019 19:17:58;False;Not Annotated;False
pi.vkg.ee;GGS5.GG3.TDT3;78.4072;14.03.2019 19:59:03;False;Not Annotated;False
pi.vkg.ee;GGS5.GG3.TDT3;77.7586;14.03.2019 20:42:23;False;Not Annotated;False
pi.vkg.ee;GGS5.GG3.TDT3;78.4937;14.03.2019 22:37:53;False;Not Annotated;False
pi.vkg.ee;GGS5.GG3.TDT3;77.9892;15.03.2019 00:50:03;False;Not Annotated;False
pi.vkg.ee;GGS5.GG3.TDT3;76.7856;15.03.2019 02:14:43;False;Not Annotated;False
pi.vkg.ee;GGS5.GG3.TDT3;77.1171;15.03.2019 03:08:03;False;Not Annotated;False
pi.vkg.ee;GGS5.GG3.TDT3;77.6108;15.03.2019 04:14:53;False;Not Annotated;False
pi.vkg.ee;GGS5.GG3.TDT3;77.5532;15.03.2019 05:00:18;False;Not Annotated;False
pi.vkg.ee;GGS5.GG3.TDT3;78.3243;15.03.2019 06:04:43;False;Not Annotated;False
pi.vkg.ee;GGS5.GG3.TDT3;77.3369;15.03.2019 06:53:28;False;Not Annotated;False
pi.vkg.ee;GGS5.GG3.TDT3;76.7459;15.03.2019 08:02:33;False;Not Annotated;False
pi.vkg.ee;GGS5.GG3.TDT3;78.4793;15.03.2019 08:20:18;False;Not Annotated;False
pi.vkg.ee;GGS5.GG3.TDT3;75.8054;15.03.2019 08:50:18;False;Not Annotated;False
pi.vkg.ee;GGS5.GG3.TDT3;78.7784;15.03.2019 09:16:58;False;Not Annotated;False
pi.vkg.ee;GGS5.GG3.TDT3;75.6108;15.03.2019 09:34:48;False;Not Annotated;False
pi.vkg.ee;GGS5.GG3.TDT3;77.6108;15.03.2019 10:12:43;False;Not Annotated;False
pi.vkg.ee;GGS5.GG3.TDT3;76.4036;15.03.2019 10:41:33;False;Not Annotated;False
pi.vkg.ee;GGS5.GG3.TDT3;78.3495;15.03.2019 11:01:43;False;Not Annotated;False
pi.vkg.ee;GGS5.GG3.TDT3;76.2595;15.03.2019 11:31:53;False;Not Annotated;False
pi.vkg.ee;GGS5.GG3.TDT3;78.6523;15.03.2019 11:50:33;False;Not Annotated;False
pi.vkg.ee;GGS5.GG3.TDT3;75.4126;15.03.2019 12:12:03;False;Not Annotated;False
pi.vkg.ee;GGS5.GG3.TDT3;78.5658;15.03.2019 12:32:03;False;Not Annotated;False
pi.vkg.ee;GGS5.GG3.TDT3;75.8739;15.03.2019 12:56:33;False;Not Annotated;False
pi.vkg.ee;GGS5.GG3.TDT3;78.4937;15.03.2019 13:19:08;False;Not Annotated;False
pi.vkg.ee;GGS5.GG3.TDT3;76.6739;15.03.2019 13:49:03;False;Not Annotated;False
pi.vkg.ee;GGS5.GG3.TDT3;78.3351;15.03.2019 14:08:08;False;Not Annotated;False
pi.vkg.ee;GGS5.GG3.TDT3;76.2775;15.03.2019 14:33:33;False;Not Annotated;False
pi.vkg.ee;GGS5.GG3.TDT3;78.8901;15.03.2019 14:49:03;False;Not Annotated;False
pi.vkg.ee;GGS5.GG3.TDT3;76.1694;15.03.2019 15:18:08;False;Not Annotated;False
pi.vkg.ee;GGS5.GG3.TDT3;78.5766;15.03.2019 15:34:43;False;Not Annotated;False
pi.vkg.ee;GGS5.GG3.TDT3;76.7568;15.03.2019 16:00:23;False;Not Annotated;False
pi.vkg.ee;GGS5.GG3.TDT3;79.236;15.03.2019 16:15:53;False;Not Annotated;False
pi.vkg.ee;GGS5.GG3.TDT3;75.5315;15.03.2019 16:37:08;False;Not Annotated;False
pi.vkg.ee;GGS5.GG3.TDT3;79.3513;15.03.2019 16:48:03;False;Not Annotated;False
pi.vkg.ee;GGS5.GG3.TDT3;76.2811;15.03.2019 17:16:03;False;Not Annotated;False
pi.vkg.ee;GGS5.GG3.TDT3;78.4216;15.03.2019 17:42:28;False;Not Annotated;False
pi.vkg.ee;GGS5.GG3.TDT3;76.4;15.03.2019 18:10:18;False;Not Annotated;False
pi.vkg.ee;GGS5.GG3.TDT3;79.1099;15.03.2019 18:26:58;False;Not Annotated;False
pi.vkg.ee;GGS5.GG3.TDT3;75.5351;15.03.2019 18:50:18;False;Not Annotated;False
pi.vkg.ee;GGS5.GG3.TDT3;80.4504;15.03.2019 19:04:48;False;Not Annotated;False
pi.vkg.ee;GGS5.GG3.TDT3;74.8541;15.03.2019 19:20:18;False;Not Annotated;False
pi.vkg.ee;GGS5.GG3.TDT3;78.2775;15.03.2019 19:41:18;False;Not Annotated;False
pi.vkg.ee;GGS5.GG3.TDT3;77.3189;15.03.2019 19:54:38;False;Not Annotated;False
pi.vkg.ee;GGS5.GG3.TDT3;76.3171;15.03.2019 20:17:53;False;Not Annotated;False
pi.vkg.ee;GGS5.GG3.TDT3;79.2432;15.03.2019 20:22:23;False;Not Annotated;False
pi.vkg.ee;GGS5.GG3.TDT3;75.5063;15.03.2019 20:54:38;False;Not Annotated;False
pi.vkg.ee;GGS5.GG3.TDT3;79.218;15.03.2019 21:03:38;False;Not Annotated;False
pi.vkg.ee;GGS5.GG3.TDT3;75.3802;15.03.2019 21:38:03;False;Not Annotated;False
pi.vkg.ee;GGS5.GG3.TDT3;79.4631;15.03.2019 21:57:48;False;Not Annotated;False
pi.vkg.ee;GGS5.GG3.TDT3;75.3081;15.03.2019 22:20:23;False;Not Annotated;False
pi.vkg.ee;GGS5.GG3.TDT3;79.3441;15.03.2019 22:32:28;False;Not Annotated;False
pi.vkg.ee;GGS5.GG3.TDT3;76.4685;15.03.2019 23:14:43;False;Not Annotated;False
pi.vkg.ee;GGS5.GG3.TDT3;79.373;15.03.2019 23:20:18;False;Not Annotated;False
pi.vkg.ee;GGS5.GG3.TDT3;76.5406;16.03.2019 00:07:08;False;Not Annotated;False
pi.vkg.ee;GGS5.GG3.TDT3;79.1784;16.03.2019 00:22:28;False;Not Annotated;False
pi.vkg.ee;GGS5.GG3.TDT3;75.6108;16.03.2019 00:45:53;False;Not Annotated;False
pi.vkg.ee;GGS5.GG3.TDT3;78.8396;16.03.2019 01:04:48;False;Not Annotated;False
pi.vkg.ee;GGS5.GG3.TDT3;75.7586;16.03.2019 01:47:03;False;Not Annotated;False
pi.vkg.ee;GGS5.GG3.TDT3;78.1369;16.03.2019 02:11:23;False;Not Annotated;False
pi.vkg.ee;GGS5.GG3.TDT3;76.1514;16.03.2019 02:56:43;False;Not Annotated;False
pi.vkg.ee;GGS5.GG3.TDT3;77.6288;16.03.2019 03:29:23;False;Not Annotated;False
pi.vkg.ee;GGS5.GG3.TDT3;77.6865;16.03.2019 04:05:48;False;Not Annotated;False
pi.vkg.ee;GGS5.GG3.TDT3;76.4;16.03.2019 04:27:58;False;Not Annotated;False
pi.vkg.ee;GGS5.GG3.TDT3;77.9387;16.03.2019 04:51:08;False;Not Annotated;False
pi.vkg.ee;GGS5.GG3.TDT3;77.3946;16.03.2019 05:42:13;False;Not Annotated;False
pi.vkg.ee;GGS5.GG3.TDT3;78.4865;16.03.2019 05:57:58;False;Not Annotated;False
pi.vkg.ee;GGS5.GG3.TDT3;76.6198;16.03.2019 06:27:53;False;Not Annotated;False
pi.vkg.ee;GGS5.GG3.TDT3;77.6072;16.03.2019 06:52:08;False;Not Annotated;False
pi.vkg.ee;GGS5.GG3.TDT3;77.0703;16.03.2019 07:16:53;False;Not Annotated;False
pi.vkg.ee;GGS5.GG3.TDT3;78.1874;16.03.2019 07:33:28;False;Not Annotated;False
pi.vkg.ee;GGS5.GG3.TDT3;75.5351;16.03.2019 08:11:28;False;Not Annotated;False
pi.vkg.ee;GGS5.GG3.TDT3;78.9622;16.03.2019 08:33:43;False;Not Annotated;False
pi.vkg.ee;GGS5.GG3.TDT3;74.6739;16.03.2019 09:05:43;False;Not Annotated;False
pi.vkg.ee;GGS5.GG3.TDT3;78.5802;16.03.2019 09:26:58;False;Not Annotated;False
pi.vkg.ee;GGS5.GG3.TDT3;76.1514;16.03.2019 10:11:18;False;Not Annotated;False
pi.vkg.ee;GGS5.GG3.TDT3;78.8865;16.03.2019 10:27:58;False;Not Annotated;False
pi.vkg.ee;GGS5.GG3.TDT3;75.8234;16.03.2019 10:54:23;False;Not Annotated;False
pi.vkg.ee;GGS5.GG3.TDT3;78.4613;16.03.2019 11:20:18;False;Not Annotated;False
pi.vkg.ee;GGS5.GG3.TDT3;76.2775;16.03.2019 11:53:13;False;Not Annotated;False
pi.vkg.ee;GGS5.GG3.TDT3;78.6306;16.03.2019 12:13:43;False;Not Annotated;False
pi.vkg.ee;GGS5.GG3.TDT3;76.2378;16.03.2019 12:49:08;False;Not Annotated;False
pi.vkg.ee;GGS5.GG3.TDT3;78.782;16.03.2019 13:06:58;False;Not Annotated;False
pi.vkg.ee;GGS5.GG3.TDT3;76.1081;16.03.2019 13:32:23;False;Not Annotated;False
pi.vkg.ee;GGS5.GG3.TDT3;77.6324;16.03.2019 13:57:58;False;Not Annotated;False
pi.vkg.ee;GGS5.GG3.TDT3;76.2414;16.03.2019 14:23:28;False;Not Annotated;False
pi.vkg.ee;GGS5.GG3.TDT3;79.7874;16.03.2019 14:34:33;False;Not Annotated;False
pi.vkg.ee;GGS5.GG3.TDT3;74.5297;16.03.2019 15:05:33;False;Not Annotated;False
pi.vkg.ee;GGS5.GG3.TDT3;79.2288;16.03.2019 15:23:33;False;Not Annotated;False
pi.vkg.ee;GGS5.GG3.TDT3;75.8234;16.03.2019 16:01:18;False;Not Annotated;False
pi.vkg.ee;GGS5.GG3.TDT3;78.9441;16.03.2019 16:31:13;False;Not Annotated;False
pi.vkg.ee;GGS5.GG3.TDT3;76.3099;16.03.2019 16:48:53;False;Not Annotated;False
pi.vkg.ee;GGS5.GG3.TDT3;76.8;16.03.2019 17:11:13;False;Not Annotated;False
pi.vkg.ee;GGS5.GG3.TDT3;78.5261;16.03.2019 17:29:58;False;Not Annotated;False
pi.vkg.ee;GGS5.GG3.TDT3;74.5622;16.03.2019 17:43:18;False;Not Annotated;False
pi.vkg.ee;GGS5.GG3.TDT3;79.5964;16.03.2019 18:03:28;False;Not Annotated;False
pi.vkg.ee;GGS5.GG3.TDT3;74.9297;16.03.2019 18:25:38;False;Not Annotated;False
pi.vkg.ee;GGS5.GG3.TDT3;78.5802;16.03.2019 18:57:39;False;Not Annotated;False
pi.vkg.ee;GGS5.GG3.TDT3;75.2541;16.03.2019 19:21:18;False;Not Annotated;False
pi.vkg.ee;GGS5.GG3.TDT3;78.8649;16.03.2019 19:44:33;False;Not Annotated;False
pi.vkg.ee;GGS5.GG3.TDT3;75.2432;16.03.2019 20:10:18;False;Not Annotated;False
pi.vkg.ee;GGS5.GG3.TDT3;78.6703;16.03.2019 20:32:28;False;Not Annotated;False
pi.vkg.ee;GGS5.GG3.TDT3;75.5856;16.03.2019 20:57:49;False;Not Annotated;False
pi.vkg.ee;GGS5.GG3.TDT3;79.5315;16.03.2019 21:06:58;False;Not Annotated;False
pi.vkg.ee;GGS5.GG3.TDT3;75.4775;16.03.2019 21:37:58;False;Not Annotated;False
pi.vkg.ee;GGS5.GG3.TDT3;78.7856;16.03.2019 21:56:43;False;Not Annotated;False
pi.vkg.ee;GGS5.GG3.TDT3;74.9189;16.03.2019 22:19:08;False;Not Annotated;False
pi.vkg.ee;GGS5.GG3.TDT3;78.4973;16.03.2019 22:43:18;False;Not Annotated;False
pi.vkg.ee;GGS5.GG3.TDT3;76.5694;16.03.2019 23:14:28;False;Not Annotated;False
pi.vkg.ee;GGS5.GG3.TDT3;77.5712;16.03.2019 23:38:58;False;Not Annotated;False
pi.vkg.ee;GGS5.GG3.TDT3;76.8865;17.03.2019 00:06:58;False;Not Annotated;False
pi.vkg.ee;GGS5.GG3.TDT3;78.7964;17.03.2019 00:23:23;False;Not Annotated;False
pi.vkg.ee;GGS5.GG3.TDT3;75.5532;17.03.2019 00:40:08;False;Not Annotated;False
pi.vkg.ee;GGS5.GG3.TDT3;78.7279;17.03.2019 01:05:33;False;Not Annotated;False
pi.vkg.ee;GGS5.GG3.TDT3;75.9027;17.03.2019 01:29:18;False;Not Annotated;False
pi.vkg.ee;GGS5.GG3.TDT3;79.4631;17.03.2019 01:39:03;False;Not Annotated;False
pi.vkg.ee;GGS5.GG3.TDT3;75.5315;17.03.2019 02:06:53;False;Not Annotated;False
pi.vkg.ee;GGS5.GG3.TDT3;79.5712;17.03.2019 02:21:18;False;Not Annotated;False
pi.vkg.ee;GGS5.GG3.TDT3;75.3586;17.03.2019 02:52:18;False;Not Annotated;False
pi.vkg.ee;GGS5.GG3.TDT3;79.5892;17.03.2019 03:00:18;False;Not Annotated;False
pi.vkg.ee;GGS5.GG3.TDT3;75.4162;17.03.2019 03:26:53;False;Not Annotated;False
pi.vkg.ee;GGS5.GG3.TDT3;80.2919;17.03.2019 03:40:08;False;Not Annotated;False
pi.vkg.ee;GGS5.GG3.TDT3;75.3009;17.03.2019 04:07:58;False;Not Annotated;False
pi.vkg.ee;GGS5.GG3.TDT3;80.0721;17.03.2019 04:19:03;False;Not Annotated;False
pi.vkg.ee;GGS5.GG3.TDT3;75.755;17.03.2019 04:46:43;False;Not Annotated;False
pi.vkg.ee;GGS5.GG3.TDT3;79.6252;17.03.2019 05:02:23;False;Not Annotated;False
pi.vkg.ee;GGS5.GG3.TDT3;76.2559;17.03.2019 05:36:33;False;Not Annotated;False
pi.vkg.ee;GGS5.GG3.TDT3;80.0108;17.03.2019 05:46:33;False;Not Annotated;False
pi.vkg.ee;GGS5.GG3.TDT3;75.7586;17.03.2019 06:16:53;False;Not Annotated;False
pi.vkg.ee;GGS5.GG3.TDT3;79.6469;17.03.2019 06:26:38;False;Not Annotated;False
pi.vkg.ee;GGS5.GG3.TDT3;76.0288;17.03.2019 06:53:18;False;Not Annotated;False
pi.vkg.ee;GGS5.GG3.TDT3;78.155;17.03.2019 07:18:48;False;Not Annotated;False
pi.vkg.ee;GGS5.GG3.TDT3;77.6613;17.03.2019 07:51:53;False;Not Annotated;False
pi.vkg.ee;GGS5.GG3.TDT3;79.2721;17.03.2019 08:02:28;False;Not Annotated;False
pi.vkg.ee;GGS5.GG3.TDT3;75.2685;17.03.2019 08:24:38;False;Not Annotated;False
pi.vkg.ee;GGS5.GG3.TDT3;80.0613;17.03.2019 08:37:53;False;Not Annotated;False
pi.vkg.ee;GGS5.GG3.TDT3;75.791;17.03.2019 09:09:13;False;Not Annotated;False
pi.vkg.ee;GGS5.GG3.TDT3;79.6432;17.03.2019 09:18:03;False;Not Annotated;False
pi.vkg.ee;GGS5.GG3.TDT3;74.9586;17.03.2019 09:49:03;False;Not Annotated;False
pi.vkg.ee;GGS5.GG3.TDT3;79.7009;17.03.2019 09:57:58;False;Not Annotated;False
pi.vkg.ee;GGS5.GG3.TDT3;75.373;17.03.2019 10:27:08;False;Not Annotated;False
pi.vkg.ee;GGS5.GG3.TDT3;79.5387;17.03.2019 10:43:28;False;Not Annotated;False
pi.vkg.ee;GGS5.GG3.TDT3;76.0072;17.03.2019 11:10:23;False;Not Annotated;False
pi.vkg.ee;GGS5.GG3.TDT3;79.1784;17.03.2019 11:30:08;False;Not Annotated;False
pi.vkg.ee;GGS5.GG3.TDT3;75.9568;17.03.2019 12:03:28;False;Not Annotated;False
pi.vkg.ee;GGS5.GG3.TDT3;79.6072;17.03.2019 12:11:18;False;Not Annotated;False
pi.vkg.ee;GGS5.GG3.TDT3;75.827;17.03.2019 12:39:03;False;Not Annotated;False
pi.vkg.ee;GGS5.GG3.TDT3;78.6487;17.03.2019 13:04:13;False;Not Annotated;False
pi.vkg.ee;GGS5.GG3.TDT3;75.7009;17.03.2019 13:25:38;False;Not Annotated;False
pi.vkg.ee;GGS5.GG3.TDT3;79.2505;17.03.2019 13:36:38;False;Not Annotated;False
pi.vkg.ee;GGS5.GG3.TDT3;75.7477;17.03.2019 14:10:18;False;Not Annotated;False
pi.vkg.ee;GGS5.GG3.TDT3;79.6324;17.03.2019 14:18:03;False;Not Annotated;False
pi.vkg.ee;GGS5.GG3.TDT3;75.6072;17.03.2019 14:48:03;False;Not Annotated;False
pi.vkg.ee;GGS5.GG3.TDT3;77.7117;17.03.2019 15:06:58;False;Not Annotated;False
pi.vkg.ee;GGS5.GG3.TDT3;76.8901;17.03.2019 15:56:43;False;Not Annotated;False
pi.vkg.ee;GGS5.GG3.TDT3;79.5964;17.03.2019 16:02:38;False;Not Annotated;False
pi.vkg.ee;GGS5.GG3.TDT3;75.6288;17.03.2019 16:34:43;False;Not Annotated;False
pi.vkg.ee;GGS5.GG3.TDT3;79.4487;17.03.2019 16:43:28;False;Not Annotated;False
pi.vkg.ee;GGS5.GG3.TDT3;76.1514;17.03.2019 17:12:38;False;Not Annotated;False
pi.vkg.ee;GGS5.GG3.TDT3;78.4072;17.03.2019 17:35:38;False;Not Annotated;False
pi.vkg.ee;GGS5.GG3.TDT3;76.7387;17.03.2019 18:09:23;False;Not Annotated;False
pi.vkg.ee;GGS5.GG3.TDT3;77.4955;17.03.2019 18:36:58;False;Not Annotated;False
pi.vkg.ee;GGS5.GG3.TDT3;77.2649;17.03.2019 19:12:33;False;Not Annotated;False
pi.vkg.ee;GGS5.GG3.TDT3;77.7694;17.03.2019 20:01:28;False;Not Annotated;False
pi.vkg.ee;GGS5.GG3.TDT3;77.6036;17.03.2019 20:16:53;False;Not Annotated;False
pi.vkg.ee;GGS5.GG3.TDT3;75.6468;17.03.2019 20:34:48;False;Not Annotated;False
pi.vkg.ee;GGS5.GG3.TDT3;79.391;17.03.2019 20:44:33;False;Not Annotated;False
pi.vkg.ee;GGS5.GG3.TDT3;77.4487;17.03.2019 21:46:33;False;Not Annotated;False
pi.vkg.ee;GGS5.GG3.TDT3;76.4036;17.03.2019 22:46:43;False;Not Annotated;False
pi.vkg.ee;GGS5.GG3.TDT3;77.827;17.03.2019 23:08:08;False;Not Annotated;False
pi.vkg.ee;GGS5.GG3.TDT3;77.3009;17.03.2019 23:30:13;False;Not Annotated;False
pi.vkg.ee;GGS5.GG3.TDT3;78.3351;18.03.2019 00:45:28;False;Not Annotated;False
pi.vkg.ee;GGS5.GG3.TDT3;77.445;18.03.2019 01:35:23;False;Not Annotated;False
pi.vkg.ee;GGS5.GG3.TDT3;78.5081;18.03.2019 01:46:23;False;Not Annotated;False
pi.vkg.ee;GGS5.GG3.TDT3;78.2522;18.03.2019 02:57:18;False;Not Annotated;False
pi.vkg.ee;GGS5.GG3.TDT3;77.5315;18.03.2019 03:35:03;False;Not Annotated;False
pi.vkg.ee;GGS5.GG3.TDT3;77.0991;18.03.2019 03:50:28;False;Not Annotated;False
pi.vkg.ee;GGS5.GG3.TDT3;76.0721;18.03.2019 04:06:18;False;Not Annotated;False
pi.vkg.ee;GGS5.GG3.TDT3;79.4955;18.03.2019 04:17:13;False;Not Annotated;False
pi.vkg.ee;GGS5.GG3.TDT3;76.9261;18.03.2019 05:20:58;False;Not Annotated;False
pi.vkg.ee;GGS5.GG3.TDT3;78.6414;18.03.2019 05:34:58;False;Not Annotated;False
pi.vkg.ee;GGS5.GG3.TDT3;75.8847;18.03.2019 05:56:03;False;Not Annotated;False
pi.vkg.ee;GGS5.GG3.TDT3;79.6505;18.03.2019 06:04:08;False;Not Annotated;False
pi.vkg.ee;GGS5.GG3.TDT3;75.1387;18.03.2019 06:31:58;False;Not Annotated;False
pi.vkg.ee;GGS5.GG3.TDT3;80.2054;18.03.2019 06:41:43;False;Not Annotated;False
pi.vkg.ee;GGS5.GG3.TDT3;75.5135;18.03.2019 06:57:13;False;Not Annotated;False
pi.vkg.ee;GGS5.GG3.TDT3;79.2505;18.03.2019 07:17:13;False;Not Annotated;False
pi.vkg.ee;GGS5.GG3.TDT3;75.8018;18.03.2019 07:41:38;False;Not Annotated;False
pi.vkg.ee;GGS5.GG3.TDT3;79.8775;18.03.2019 07:51:33;False;Not Annotated;False
pi.vkg.ee;GGS5.GG3.TDT3;75.6072;18.03.2019 08:19:43;False;Not Annotated;False
pi.vkg.ee;GGS5.GG3.TDT3;79.7514;18.03.2019 08:27:23;False;Not Annotated;False
pi.vkg.ee;GGS5.GG3.TDT3;74.8685;18.03.2019 08:44:03;False;Not Annotated;False
pi.vkg.ee;GGS5.GG3.TDT3;77.9459;18.03.2019 08:58:28;False;Not Annotated;False
pi.vkg.ee;GGS5.GG3.TDT3;77.5892;18.03.2019 09:12:28;False;Not Annotated;False
pi.vkg.ee;GGS5.GG3.TDT3;75.2829;18.03.2019 09:27:58;False;Not Annotated;False
pi.vkg.ee;GGS5.GG3.TDT3;80.4757;18.03.2019 09:34:43;False;Not Annotated;False
pi.vkg.ee;GGS5.GG3.TDT3;75.4811;18.03.2019 09:59:08;False;Not Annotated;False
pi.vkg.ee;GGS5.GG3.TDT3;79.9856;18.03.2019 10:10:33;False;Not Annotated;False
pi.vkg.ee;GGS5.GG3.TDT3;75.7946;18.03.2019 10:40:18;False;Not Annotated;False
pi.vkg.ee;GGS5.GG3.TDT3;80.8577;18.03.2019 10:45:53;False;Not Annotated;False
pi.vkg.ee;GGS5.GG3.TDT3;74.9117;18.03.2019 11:01:53;False;Not Annotated;False
pi.vkg.ee;GGS5.GG3.TDT3;78.2739;18.03.2019 11:16:08;False;Not Annotated;False
pi.vkg.ee;GGS5.GG3.TDT3;76.7495;18.03.2019 11:29:38;False;Not Annotated;False
pi.vkg.ee;GGS5.GG3.TDT3;77.9387;18.03.2019 11:47:23;False;Not Annotated;False
pi.vkg.ee;GGS5.GG3.TDT3;77.1928;18.03.2019 12:00:58;False;Not Annotated;False
pi.vkg.ee;GGS5.GG3.TDT3;77.6432;18.03.2019 12:55:03;False;Not Annotated;False
pi.vkg.ee;GGS5.GG3.TDT3;77.7117;18.03.2019 13:33:13;False;Not Annotated;False
pi.vkg.ee;GGS5.GG3.TDT3;76.8396;18.03.2019 14:16:18;False;Not Annotated;False
pi.vkg.ee;GGS5.GG3.TDT3;79.845;18.03.2019 14:20:43;False;Not Annotated;False
pi.vkg.ee;GGS5.GG3.TDT3;76.0108;18.03.2019 14:44:08;False;Not Annotated;False
pi.vkg.ee;GGS5.GG3.TDT3;78.0973;18.03.2019 15:04:48;False;Not Annotated;False
pi.vkg.ee;GGS5.GG3.TDT3;76.8144;18.03.2019 16:05:38;False;Not Annotated;False
pi.vkg.ee;GGS5.GG3.TDT3;76.9081;18.03.2019 16:21:18;False;Not Annotated;False
pi.vkg.ee;GGS5.GG3.TDT3;80.0541;18.03.2019 16:25:48;False;Not Annotated;False
pi.vkg.ee;GGS5.GG3.TDT3;74.8901;18.03.2019 16:44:43;False;Not Annotated;False
pi.vkg.ee;GGS5.GG3.TDT3;78.7676;18.03.2019 16:58:10;False;Not Annotated;False
pi.vkg.ee;GGS5.GG3.TDT3;78.2522;18.03.2019 17:06:23;False;Not Annotated;False
pi.vkg.ee;GGS5.GG3.TDT3;77.9532;18.03.2019 17:41:53;False;Not Annotated;False
pi.vkg.ee;GGS5.GG3.TDT3;77.0811;18.03.2019 18:16:13;False;Not Annotated;False
pi.vkg.ee;GGS5.GG3.TDT3;80.7027;18.03.2019 18:19:38;False;Not Annotated;False
pi.vkg.ee;GGS5.GG3.TDT3;75.6937;18.03.2019 18:42:53;False;Not Annotated;False
pi.vkg.ee;GGS5.GG3.TDT3;78.4504;18.03.2019 18:50:23;False;Not Annotated;False
pi.vkg.ee;GGS5.GG3.TDT3;80.1478;18.03.2019 18:57:03;False;Not Annotated;False
pi.vkg.ee;GGS5.GG3.TDT3;75.3766;18.03.2019 19:05:23;False;Not Annotated;False
pi.vkg.ee;GGS5.GG3.TDT3;77.8486;18.03.2019 19:19:43;False;Not Annotated;False
pi.vkg.ee;GGS5.GG3.TDT3;78.8108;18.03.2019 19:27:28;False;Not Annotated;False
pi.vkg.ee;GGS5.GG3.TDT3;76.7027;18.03.2019 19:47:23;False;Not Annotated;False
pi.vkg.ee;GGS5.GG3.TDT3;79.3766;18.03.2019 19:51:48;False;Not Annotated;False
pi.vkg.ee;GGS5.GG3.TDT3;76.9802;18.03.2019 20:30:03;False;Not Annotated;False
pi.vkg.ee;GGS5.GG3.TDT3;79.3622;18.03.2019 20:38:58;False;Not Annotated;False
pi.vkg.ee;GGS5.GG3.TDT3;76.0541;18.03.2019 21:01:18;False;Not Annotated;False
pi.vkg.ee;GGS5.GG3.TDT3;78.6595;18.03.2019 21:14:58;False;Not Annotated;False
pi.vkg.ee;GGS5.GG3.TDT3;77.7405;18.03.2019 21:48:03;False;Not Annotated;False
pi.vkg.ee;GGS5.GG3.TDT3;77.1748;18.03.2019 22:25:08;False;Not Annotated;False
pi.vkg.ee;GGS5.GG3.TDT3;78.6198;18.03.2019 22:36:08;False;Not Annotated;False
pi.vkg.ee;GGS5.GG3.TDT3;75.8919;18.03.2019 22:59:38;False;Not Annotated;False
pi.vkg.ee;GGS5.GG3.TDT3;79.791;18.03.2019 23:03:08;False;Not Annotated;False
pi.vkg.ee;GGS5.GG3.TDT3;76.2919;18.03.2019 23:29:48;False;Not Annotated;False
pi.vkg.ee;GGS5.GG3.TDT3;78.7279;18.03.2019 23:48:23;False;Not Annotated;False
pi.vkg.ee;GGS5.GG3.TDT3;77.2649;19.03.2019 00:13:08;False;Not Annotated;False
pi.vkg.ee;GGS5.GG3.TDT3;78.2018;19.03.2019 00:24:08;False;Not Annotated;False
pi.vkg.ee;GGS5.GG3.TDT3;77.5892;19.03.2019 00:55:03;False;Not Annotated;False
pi.vkg.ee;GGS5.GG3.TDT3;77.0703;19.03.2019 01:10:08;False;Not Annotated;False
pi.vkg.ee;GGS5.GG3.TDT3;78.2559;19.03.2019 01:39:48;False;Not Annotated;False
pi.vkg.ee;GGS5.GG3.TDT3;77.809;19.03.2019 01:50:53;False;Not Annotated;False
pi.vkg.ee;GGS5.GG3.TDT3;77.5892;19.03.2019 02:20:58;False;Not Annotated;False
pi.vkg.ee;GGS5.GG3.TDT3;80.1117;19.03.2019 02:28:33;False;Not Annotated;False
pi.vkg.ee;GGS5.GG3.TDT3;75.6865;19.03.2019 02:44:08;False;Not Annotated;False
pi.vkg.ee;GGS5.GG3.TDT3;78.7099;19.03.2019 02:57:18;False;Not Annotated;False
pi.vkg.ee;GGS5.GG3.TDT3;79.5207;19.03.2019 03:02:08;False;Not Annotated;False
pi.vkg.ee;GGS5.GG3.TDT3;75.4631;19.03.2019 03:22:08;False;Not Annotated;False
pi.vkg.ee;GGS5.GG3.TDT3;79.809;19.03.2019 03:30:48;False;Not Annotated;False
pi.vkg.ee;GGS5.GG3.TDT3;76.6342;19.03.2019 04:04:13;False;Not Annotated;False
pi.vkg.ee;GGS5.GG3.TDT3;78.9622;19.03.2019 04:15:13;False;Not Annotated;False
pi.vkg.ee;GGS5.GG3.TDT3;76.3676;19.03.2019 04:48:38;False;Not Annotated;False
pi.vkg.ee;GGS5.GG3.TDT3;79.9315;19.03.2019 04:59:33;False;Not Annotated;False
pi.vkg.ee;GGS5.GG3.TDT3;76.3279;19.03.2019 05:32:48;False;Not Annotated;False
pi.vkg.ee;GGS5.GG3.TDT3;80.2883;19.03.2019 05:37:18;False;Not Annotated;False
pi.vkg.ee;GGS5.GG3.TDT3;74.8505;19.03.2019 06:02:58;False;Not Annotated;False
pi.vkg.ee;GGS5.GG3.TDT3;80.4036;19.03.2019 06:07:28;False;Not Annotated;False
pi.vkg.ee;GGS5.GG3.TDT3;75.164;19.03.2019 06:33:53;False;Not Annotated;False
pi.vkg.ee;GGS5.GG3.TDT3;80.0072;19.03.2019 06:39:28;False;Not Annotated;False
pi.vkg.ee;GGS5.GG3.TDT3;76.0468;19.03.2019 07:09:43;False;Not Annotated;False
pi.vkg.ee;GGS5.GG3.TDT3;80.2414;19.03.2019 07:18:33;False;Not Annotated;False
pi.vkg.ee;GGS5.GG3.TDT3;75.5604;19.03.2019 07:51:43;False;Not Annotated;False
pi.vkg.ee;GGS5.GG3.TDT3;79.4162;19.03.2019 07:56:13;False;Not Annotated;False
pi.vkg.ee;GGS5.GG3.TDT3;76.4396;19.03.2019 08:29:03;False;Not Annotated;False
pi.vkg.ee;GGS5.GG3.TDT3;80.0937;19.03.2019 08:37:48;False;Not Annotated;False
pi.vkg.ee;GGS5.GG3.TDT3;75.4342;19.03.2019 09:04:08;False;Not Annotated;False
pi.vkg.ee;GGS5.GG3.TDT3;79.7766;19.03.2019 09:08:38;False;Not Annotated;False
pi.vkg.ee;GGS5.GG3.TDT3;75.1928;19.03.2019 09:37:33;False;Not Annotated;False
pi.vkg.ee;GGS5.GG3.TDT3;80.0973;19.03.2019 09:45:08;False;Not Annotated;False
pi.vkg.ee;GGS5.GG3.TDT3;75.7189;19.03.2019 10:15:13;False;Not Annotated;False
pi.vkg.ee;GGS5.GG3.TDT3;78.9838;19.03.2019 10:20:48;False;Not Annotated;False
pi.vkg.ee;GGS5.GG3.TDT3;76.7856;19.03.2019 10:59:48;False;Not Annotated;False
pi.vkg.ee;GGS5.GG3.TDT3;79.5387;19.03.2019 11:08:08;False;Not Annotated;False
pi.vkg.ee;GGS5.GG3.TDT3;76.3243;19.03.2019 11:32:33;False;Not Annotated;False
pi.vkg.ee;GGS5.GG3.TDT3;77.9568;19.03.2019 11:58:04;False;Not Annotated;False
pi.vkg.ee;GGS5.GG3.TDT3;77.6685;19.03.2019 12:41:43;False;Not Annotated;False
pi.vkg.ee;GGS5.GG3.TDT3;78.3459;19.03.2019 13:40:03;False;Not Annotated;False
pi.vkg.ee;GGS5.GG3.TDT3;78.1802;19.03.2019 13:48:58;False;Not Annotated;False
pi.vkg.ee;GGS5.GG3.TDT3;78.5946;19.03.2019 14:28:28;False;Not Annotated;False
pi.vkg.ee;GGS5.GG3.TDT3;77.9315;19.03.2019 14:38:28;False;Not Annotated;False
